Workbook

Sheet Actualización
B2: Datos de Actualización
G3: año actual: | H3: =YEAR(D5) -> 2026
C5: mes: | D5: 46023 | G5: mensuales: | J5: trimestrales: | N5: bimestrales: | R5: bimestrales: | U5: semestrales: | Y5: anual:
G6: =DATE(H3-1,1,1) -> 45658 | H6: Enero | J6: actual | K6: trim Anterior | L6: año anterior | N6: actual | O6: bim Anterior | P6: año anterior | R6: actual | S6: =+K6 -> trim Anterior | T6: año anterior | U6: actual | V6: sem Anterior | W6: año anterior | Y6: =$H$3-4 -> 2022
C7: bimestre natural: | D7: Noviembre-diciembre 2025 | G7: =EDATE(G6,1) -> 45689 | H7: Febrero | J7: =CONCATENATE($H$3-2,"-I") -> 2024-I | N7: =CONCATENATE("Enero-febrero ",$H$3-2) -> Enero-febrero 2024 | R7: =CONCATENATE("Enero-febrero ",$H$3-2) -> Enero-febrero 2024 | U7: =CONCATENATE("S I-",$H$3-3) -> S I-2023 | Y7: =$H$3-3 -> 2023
C8: Trimestre Adelantado: | D8: Octubre-Noviembre 2025 | G8: =EDATE(G7,1) -> 45717 | H8: Marzo | J8: =CONCATENATE($H$3-2,"-II") -> 2024-II | K8: =J7 -> 2024-I | N8: =CONCATENATE("Marzo-abril ",$H$3-2) -> Marzo-abril 2024 | O8: =N7 -> Enero-febrero 2024 | R8: =CONCATENATE("Abril-mayo ",$H$3-2) -> Abril-mayo 2024 | S8: =+J7 -> 2024-I | U8: =CONCATENATE("S II-",$H$3-3) -> S II-2023 | V8: =U7 -> S I-2023 | Y8: =$H$3-2 -> 2024
G9: =EDATE(G8,1) -> 45748 | H9: Abril | J9: =CONCATENATE($H$3-2,"-III") -> 2024-III | K9: =J8 -> 2024-II | N9: =CONCATENATE("Mayo-junio ",$H$3-2) -> Mayo-junio 2024 | O9: =N8 -> Marzo-abril 2024 | R9: =CONCATENATE("Julio-agosto ",$H$3-2) -> Julio-agosto 2024 | S9: =+J8 -> 2024-II | U9: =CONCATENATE("S I-",$H$3-2) -> S I-2024 | V9: =U8 -> S II-2023 | W9: =U7 -> S I-2023 | Y9: =$H$3-1 -> 2025
C10: trimestre: | D10: 2025-IV | G10: =EDATE(G9,1) -> 45778 | H10: Mayo | J10: =CONCATENATE($H$3-2,"-IV") -> 2024-IV | K10: =J9 -> 2024-III | N10: =CONCATENATE("Julio-agosto ",$H$3-2) -> Julio-agosto 2024 | O10: =N9 -> Mayo-junio 2024 | R10: =CONCATENATE("Octubre-Noviembre ",$H$3-2) -> Octubre-Noviembre 2024 | S10: =+J9 -> 2024-III | U10: =CONCATENATE("S II-",$H$3-2) -> S II-2024 | V10: =U9 -> S I-2024 | W10: =U8 -> S II-2023 | Y10: =$H$3 -> 2026
G11: =EDATE(G10,1) -> 45809 | H11: Junio | J11: =CONCATENATE($H$3-1,"-I") -> 2025-I | K11: =J10 -> 2024-IV | L11: =J7 -> 2024-I | N11: =CONCATENATE("Septiembre-octubre ",$H$3-2) -> Septiembre-octubre 2024 | O11: =N10 -> Julio-agosto 2024 | R11: =CONCATENATE("Enero-febrero ",$H$3-1) -> Enero-febrero 2025 | S11: =+J10 -> 2024-IV | T11: =+J7 -> 2024-I | U11: =CONCATENATE("S I-",$H$3-1) -> S I-2025 | V11: =U10 -> S II-2024 | W11: =U9 -> S I-2024
C12: semestre: | D12: S II-2025 | G12: =EDATE(G11,1) -> 45839 | H12: Julio | J12: =CONCATENATE($H$3-1,"-II") -> 2025-II | K12: =J11 -> 2025-I | L12: =J8 -> 2024-II | N12: =CONCATENATE("Noviembre-diciembre ",$H$3-2) -> Noviembre-diciembre 2024 | O12: =N11 -> Septiembre-octubre 2024 | R12: =CONCATENATE("Abril-mayo ",$H$3-1) -> Abril-mayo 2025 | S12: =+J11 -> 2025-I | T12: =+J8 -> 2024-II | U12: =CONCATENATE("S II-",$H$3-1) -> S II-2025 | V12: =U11 -> S I-2025 | W12: =U10 -> S II-2024
G13: =EDATE(G12,1) -> 45870 | H13: Agosto | J13: =CONCATENATE($H$3-1,"-III") -> 2025-III | K13: =J12 -> 2025-II | L13: =J9 -> 2024-III | N13: =CONCATENATE("Enero-febrero ",$H$3-1) -> Enero-febrero 2025 | O13: =N12 -> Noviembre-diciembre 2024 | P13: =N7 -> Enero-febrero 2024 | R13: =CONCATENATE("Julio-agosto ",$H$3-1) -> Julio-agosto 2025 | S13: =+J12 -> 2025-II | T13: =+J9 -> 2024-III | U13: =CONCATENATE("S I-",$H$3) -> S I-2026 | V13: =U12 -> S II-2025 | W13: =U11 -> S I-2025
C14: año: | D14: 2025 | G14: =EDATE(G13,1) -> 45901 | H14: Septiembre | J14: =CONCATENATE($H$3-1,"-IV") -> 2025-IV | K14: =J13 -> 2025-III | L14: =J10 -> 2024-IV | N14: =CONCATENATE("Marzo-abril ",$H$3-1) -> Marzo-abril 2025 | O14: =N13 -> Enero-febrero 2025 | P14: =N8 -> Marzo-abril 2024 | R14: =CONCATENATE("Octubre-Noviembre ",$H$3-1) -> Octubre-Noviembre 2025 | S14: =+J13 -> 2025-III | T14: =+J10 -> 2024-IV | U14: =CONCATENATE("S II-",$H$3) -> S II-2026 | V14: =U13 -> S I-2026 | W14: =U12 -> S II-2025
G15: =EDATE(G14,1) -> 45931 | H15: Octubre | J15: =CONCATENATE($H$3,"-I") -> 2026-I | K15: =J14 -> 2025-IV | L15: =J11 -> 2025-I | N15: =CONCATENATE("Mayo-junio ",$H$3-1) -> Mayo-junio 2025 | O15: =N14 -> Marzo-abril 2025 | P15: =N9 -> Mayo-junio 2024 | R15: =CONCATENATE("Enero-febrero ",$H$3) -> Enero-febrero 2026 | S15: =+J14 -> 2025-IV | T15: =+J11 -> 2025-I
G16: =EDATE(G15,1) -> 45962 | H16: Noviembre | J16: =CONCATENATE($H$3,"-II") -> 2026-II | K16: =J15 -> 2026-I | L16: =J12 -> 2025-II | N16: =CONCATENATE("Julio-agosto ",$H$3-1) -> Julio-agosto 2025 | O16: =N15 -> Mayo-junio 2025 | P16: =N10 -> Julio-agosto 2024 | R16: =CONCATENATE("Abril-mayo ",$H$3) -> Abril-mayo 2026 | S16: =+J15 -> 2026-I | T16: =+J12 -> 2025-II
G17: =EDATE(G16,1) -> 45992 | H17: Diciembre | J17: =CONCATENATE($H$3,"-III") -> 2026-III | K17: =J16 -> 2026-II | L17: =J13 -> 2025-III | N17: =CONCATENATE("Septiembre-octubre ",$H$3-1) -> Septiembre-octubre 2025 | O17: =N16 -> Julio-agosto 2025 | P17: =N11 -> Septiembre-octubre 2024 | R17: =CONCATENATE("Julio-agosto ",$H$3) -> Julio-agosto 2026 | S17: =+J16 -> 2026-II | T17: =+J13 -> 2025-III
G18: =EDATE(G17,1) -> 46023 | H18: Enero | J18: =CONCATENATE($H$3,"-IV") -> 2026-IV | K18: =J17 -> 2026-III | L18: =J14 -> 2025-IV | N18: =CONCATENATE("Noviembre-diciembre ",$H$3-1) -> Noviembre-diciembre 2025 | O18: =N17 -> Septiembre-octubre 2025 | P18: =N12 -> Noviembre-diciembre 2024 | R18: =CONCATENATE("Octubre-Noviembre ",$H$3) -> Octubre-Noviembre 2026 | S18: =+J17 -> 2026-III | T18: =+J14 -> 2025-IV
G19: =EDATE(G18,1) -> 46054 | H19: Febrero | N19: =CONCATENATE("Enero-febrero ",$H$3) -> Enero-febrero 2026 | O19: =N18 -> Noviembre-diciembre 2025 | P19: =N13 -> Enero-febrero 2025
G20: =EDATE(G19,1) -> 46082 | H20: Marzo | N20: =CONCATENATE("Marzo-abril ",$H$3) -> Marzo-abril 2026 | O20: =N19 -> Enero-febrero 2026 | P20: =N14 -> Marzo-abril 2025
G21: =EDATE(G20,1) -> 46113 | H21: Abril | N21: =CONCATENATE("Mayo-junio ",$H$3) -> Mayo-junio 2026 | O21: =N20 -> Marzo-abril 2026 | P21: =N15 -> Mayo-junio 2025
G22: =EDATE(G21,1) -> 46143 | H22: Mayo | N22: =CONCATENATE("Julio-agosto ",$H$3) -> Julio-agosto 2026 | O22: =N21 -> Mayo-junio 2026 | P22: =N16 -> Julio-agosto 2025
G23: =EDATE(G22,1) -> 46174 | H23: Junio | N23: =CONCATENATE("Septiembre-octubre ",$H$3) -> Septiembre-octubre 2026 | O23: =N22 -> Julio-agosto 2026 | P23: =N17 -> Septiembre-octubre 2025
G24: =EDATE(G23,1) -> 46204 | H24: Julio | N24: =CONCATENATE("Noviembre-diciembre ",$H$3) -> Noviembre-diciembre 2026 | O24: =N23 -> Septiembre-octubre 2026 | P24: =N18 -> Noviembre-diciembre 2025
G25: =EDATE(G24,1) -> 46235 | H25: Agosto
G26: =EDATE(G25,1) -> 46266 | H26: Septiembre
G27: =EDATE(G26,1) -> 46296 | H27: Octubre
G28: =EDATE(G27,1) -> 46327 | H28: Noviembre
G29: =EDATE(G28,1) -> 46357 | H29: Diciembre
G30: =EDATE(G29,1) -> 46388 | H30: Enero
G31: =EDATE(G30,1) -> 46419 | H31: Febrero
G32: =EDATE(G31,1) -> 46447 | H32: Marzo
G33: =EDATE(G32,1) -> 46478 | H33: Abril
G34: =EDATE(G33,1) -> 46508 | H34: Mayo
G35: =EDATE(G34,1) -> 46539 | H35: Junio
G36: =EDATE(G35,1) -> 46569 | H36: Julio
... G41: =EDATE(G40,1) -> 46722 | H41: Diciembre

Sheet Ponderadores
A1: PONDERADORES PIB 2018
B3: Total | C3: SIN AUTOS
A5: ACTIVIDAD INDUSTRIAL | B5: =+[1]Ponderadores!C5 -> 7747139.7 | C5: =C6+C10+C13+C17 -> 6578639
A6: Industria Minera | B6: =+[1]Ponderadores!C6 -> 948326.58 | C6: =SUM(C7:C9) -> 948326.58
A7: Extracción de petróleo y gas | B7: =+[1]Ponderadores!C7 -> 621540.6 | C7: =B7 -> 621540.6
A8: Minería de minerales metálicos y no metálicos excepto petróleo y gas, y servicios relacionados | B8: =+[1]Ponderadores!C8 -> 265067.55 | C8: =B8 -> 265067.55
A9: Servicios relacionados con la minería | B9: =+[1]Ponderadores!C9 -> 61718.433 | C9: =B9 -> 61718.433
A10: Electricidad, agua y suministro de gas por ductos al consumidor fina | B10: =+[1]Ponderadores!C10 -> 456907.22 | C10: =SUM(C11:C12) -> 456907.22
A11: Generación, transmisión y suministro de energía eléctrica | B11: =+[1]Ponderadores!C11 -> 456907.22 | C11: =B11 -> 456907.22
A12: Agua y suministro de gas por ductos al consumidor final | B12: =+[1]Ponderadores!C12 -> 0 | C12: =B12 -> 0
A13: Construcción | B13: =+[1]Ponderadores!C13 -> 1460789.5 | C13: =SUM(C14:C16) -> 1460789.5
A14: Edificación | B14: =+[1]Ponderadores!C14 -> 1064926.3 | C14: =B14 -> 1064926.3
A15: Construcción de obras de ingeniería civil u obra pesada | B15: =+[1]Ponderadores!C15 -> 214062.02 | C15: =B15 -> 214062.02
A16: Trabajos especializados para la construcción | B16: =+[1]Ponderadores!C16 -> 181801.25 | C16: =B16 -> 181801.25
A17: Total industrias manufactureras | B17: =+[1]Ponderadores!C17 -> 4881116.4 | C17: =SUM(C18:C38) -> 3712615.6
A18: Industria alimentaria | B18: =+[1]Ponderadores!C18 -> 911713.77 | C18: =B18 -> 911713.77
A19: Industria de las bebidas y del tabaco | B19: =+[1]Ponderadores!C19 -> 240174.37 | C19: =B19 -> 240174.37
A20: Fabricación de insumos textiles | B20: =+[1]Ponderadores!C20 -> 32513.579 | C20: =B20 -> 32513.579
A21: Confección de productos textiles, excepto prendas de vestir | B21: =+[1]Ponderadores!C21 -> 17328.629 | C21: =B21 -> 17328.629
A22: Fabricación de prendas de vestir | B22: =+[1]Ponderadores!C22 -> 71182.811 | C22: =B22 -> 71182.811
A23: Fabricación de productos de cuero, piel y materiales sucedáneos, excepto prendas de vestir | B23: =+[1]Ponderadores!C23 -> 31436.957 | C23: =B23 -> 31436.957
A24: Industria de la madera | B24: =+[1]Ponderadores!C24 -> 38837.812 | C24: =B24 -> 38837.812
A25: Industria del papel | B25: =+[1]Ponderadores!C25 -> 101611.97 | C25: =B25 -> 101611.97
A26: Impresión e industrias conexas | B26: =+[1]Ponderadores!C26 -> 24643.809 | C26: =B26 -> 24643.809
A27: Fabricación de productos derivados del petróleo y del carbón | B27: =+[1]Ponderadores!C27 -> 164436.95 | C27: =B27 -> 164436.95
A28: Industria química | B28: =+[1]Ponderadores!C28 -> 356405.6 | C28: =B28 -> 356405.6
A29: Industria del plástico y del hule | B29: =+[1]Ponderadores!C29 -> 151603.43 | C29: =B29 -> 151603.43
... A35: Fabricación de equipo de generación eléctrica y aparatos y accesorios eléctricos | B35: =+[1]Ponderadores!C35 -> 178614.04 | C35: =B35 -> 178614.04
A36: Fabricación de equipo de transporte | B36: =+[1]Ponderadores!C36 -> 1168500.8 | C36: 0
A37: Fabricación de muebles y productos relacionados | B37: =+[1]Ponderadores!C37 -> 55539.633 | C37: =B37 -> 55539.633
A38: Otras industrias manufactureras | B38: =+[1]Ponderadores!C38 -> 132857.27 | C38: =B38 -> 132857.27

Sheet DatosOri
B1: ACTIVIDAD INDUSTRIAL | C1: Industria Minera | D1: Extracción de petróleo y gas | E1: Minería de minerales metálicos y no metálicos excepto petróleo y gas, y servicios relacionados | F1: Servicios relacionados con la minería | G1: Electricidad, agua y suministro de gas por ductos al consumidor fina | H1: Generación, transmisión y suministro de energía eléctrica | I1: Construcción | J1: Edificación | K1: Construcción de obras de ingeniería civil u obra pesada | L1: Trabajos especializados para la construcción | M1: Total industrias manufactureras | N1: Industria alimentaria | O1: Industria de las bebidas y del tabaco | P1: Fabricación de insumos textiles | Q1: Confección de productos textiles, excepto prendas de vestir | R1: Fabricación de prendas de vestir | S1: Fabricación de productos de cuero, piel y materiales sucedáneos, excepto prendas de vestir | T1: Industria de la madera | U1: Industria del papel | V1: Impresión e industrias conexas | W1: Fabricación de productos derivados del petróleo y del carbón | X1: Industria química | Y1: Industria del plástico y del hule | Z1: Fabricación de productos a base de minerales no metálicos | AA1: Industrias metálicas básicas | AB1: Fabricación de productos metálicos | AC1: Fabricación de maquinaria y equipo | AD1: Fabricación de equipo de computación, comunicación, medición y otros equipos, componentes y accesorios electrónicos | AE1: Fabricación de equipo de generación eléctrica y aparatos y accesorios eléctricos | AF1: Fabricación de equipo de transporte | AG1: Fabricación de muebles y productos relacionados | AH1: Otras industrias manufactureras | AI1: Manufacturas sin equipo de transporte
A2: 41275 | B2: =[2]datos!C244 -> 91.795723 | C2: =[2]datos!F244 -> 131.03121 | D2: =[2]datos!I244 -> 146.19492 | E2: =[2]datos!L244 -> 102.43443 | F2: =[2]datos!O244 -> 101.14098 | G2: =[2]datos!R244 -> 83.150627 | H2: =[2]datos!U244 -> 83.150627 | I2: =[2]datos!AA244 -> 86.606116 | J2: =[2]datos!AD244 -> 81.275283 | K2: =[2]datos!AG244 -> 126.51361 | L2: =[2]datos!AJ244 -> 70.84311 | M2: =[2]datos!AM244 -> 86.535219 | N2: =[2]datos!AP244 -> 92.595093 | O2: =[2]datos!AS244 -> 74.599987 | P2: =[2]datos!AV244 -> 91.391605 | Q2: =[2]datos!AY244 -> 77.216511 | R2: =[2]datos!BB244 -> 80.603364 | S2: =[2]datos!BE244 -> 100.61752 | T2: =[2]datos!BH244 -> 90.440143 | U2: =[2]datos!BK244 -> 81.977775 | V2: =[2]datos!BN244 -> 71.950111 | W2: =[2]datos!BQ244 -> 194.20037 | X2: =[2]datos!BT244 -> 101.76442 | Y2: =[2]datos!BW244 -> 82.2275 | Z2: =[2]datos!BZ244 -> 84.997456 | AA2: =[2]datos!CC244 -> 96.938304 | AB2: =[2]datos!CF244 -> 91.911326 | AC2: =[2]datos!CI244 -> 93.430034 | AD2: =[2]datos!CL244 -> 70.265561 | AE2: =[2]datos!CO244 -> 100.07644 | AF2: =[2]datos!CR244 -> 66.904777 | AG2: =[2]datos!CU244 -> 86.741076 | AH2: =[2]datos!CX244 -> 70.670338 | AI2: =[3]Datos!D244 -> 92.713662
A3: 41306 | B3: =[2]datos!C245 -> 90.795957 | C3: =[2]datos!F245 -> 121.39022 | D3: =[2]datos!I245 -> 131.35293 | E3: =[2]datos!L245 -> 98.436452 | F3: =[2]datos!O245 -> 119.64152 | G3: =[2]datos!R245 -> 80.252433 | H3: =[2]datos!U245 -> 80.252433 | I3: =[2]datos!AA245 -> 94.162325 | J3: =[2]datos!AD245 -> 93.879487 | K3: =[2]datos!AG245 -> 118.42818 | L3: =[2]datos!AJ245 -> 67.247236 | M3: =[2]datos!AM245 -> 84.831441 | N3: =[2]datos!AP245 -> 90.278462 | O3: =[2]datos!AS245 -> 72.448995 | P3: =[2]datos!AV245 -> 94.141938 | Q3: =[2]datos!AY245 -> 84.400199 | R3: =[2]datos!BB245 -> 86.179975 | S3: =[2]datos!BE245 -> 99.554232 | T3: =[2]datos!BH245 -> 93.577037 | U3: =[2]datos!BK245 -> 77.965734 | V3: =[2]datos!BN245 -> 79.2707 | W3: =[2]datos!BQ245 -> 176.81715 | X3: =[2]datos!BT245 -> 96.041586 | Y3: =[2]datos!BW245 -> 81.392455 | Z3: =[2]datos!BZ245 -> 83.346652 | AA3: =[2]datos!CC245 -> 95.045485 | AB3: =[2]datos!CF245 -> 89.851684 | AC3: =[2]datos!CI245 -> 92.229002 | AD3: =[2]datos!CL245 -> 68.231782 | AE3: =[2]datos!CO245 -> 99.377454 | AF3: =[2]datos!CR245 -> 68.183794 | AG3: =[2]datos!CU245 -> 83.735858 | AH3: =[2]datos!CX245 -> 69.498124 | AI3: =[3]Datos!D245 -> 90.071086
A4: 41334 | B4: =[2]datos!C246 -> 92.46148 | C4: =[2]datos!F246 -> 131.90808 | D4: =[2]datos!I246 -> 143.33694 | E4: =[2]datos!L246 -> 102.58752 | F4: =[2]datos!O246 -> 142.73832 | G4: =[2]datos!R246 -> 82.735247 | H4: =[2]datos!U246 -> 82.735247 | I4: =[2]datos!AA246 -> 87.044218 | J4: =[2]datos!AD246 -> 83.592658 | K4: =[2]datos!AG246 -> 118.07519 | L4: =[2]datos!AJ246 -> 70.724775 | M4: =[2]datos!AM246 -> 87.329295 | N4: =[2]datos!AP246 -> 92.45331 | O4: =[2]datos!AS246 -> 80.047465 | P4: =[2]datos!AV246 -> 91.892847 | Q4: =[2]datos!AY246 -> 81.825591 | R4: =[2]datos!BB246 -> 85.600122 | S4: =[2]datos!BE246 -> 103.65714 | T4: =[2]datos!BH246 -> 102.93573 | U4: =[2]datos!BK246 -> 82.262866 | V4: =[2]datos!BN246 -> 84.383526 | W4: =[2]datos!BQ246 -> 195.47079 | X4: =[2]datos!BT246 -> 102.31779 | Y4: =[2]datos!BW246 -> 82.560939 | Z4: =[2]datos!BZ246 -> 86.497308 | AA4: =[2]datos!CC246 -> 102.04833 | AB4: =[2]datos!CF246 -> 91.435871 | AC4: =[2]datos!CI246 -> 90.231524 | AD4: =[2]datos!CL246 -> 68.489418 | AE4: =[2]datos!CO246 -> 90.556187 | AF4: =[2]datos!CR246 -> 69.030884 | AG4: =[2]datos!CU246 -> 83.863185 | AH4: =[2]datos!CX246 -> 71.973344 | AI4: =[3]Datos!D246 -> 93.088498
A5: 41365 | B5: =[2]datos!C247 -> 95.217513 | C5: =[2]datos!F247 -> 128.03237 | D5: =[2]datos!I247 -> 138.38781 | E5: =[2]datos!L247 -> 101.74208 | F5: =[2]datos!O247 -> 136.65822 | G5: =[2]datos!R247 -> 85.399436 | H5: =[2]datos!U247 -> 85.399436 | I5: =[2]datos!AA247 -> 91.490406 | J5: =[2]datos!AD247 -> 88.610517 | K5: =[2]datos!AG247 -> 123.81905 | L5: =[2]datos!AJ247 -> 70.294376 | M5: =[2]datos!AM247 -> 90.876553 | N5: =[2]datos!AP247 -> 92.320233 | O5: =[2]datos!AS247 -> 85.40994 | P5: =[2]datos!AV247 -> 96.82572 | Q5: =[2]datos!AY247 -> 98.224748 | R5: =[2]datos!BB247 -> 91.608591 | S5: =[2]datos!BE247 -> 102.35642 | T5: =[2]datos!BH247 -> 104.87881 | U5: =[2]datos!BK247 -> 83.933788 | V5: =[2]datos!BN247 -> 87.945585 | W5: =[2]datos!BQ247 -> 203.28893 | X5: =[2]datos!BT247 -> 103.36564 | Y5: =[2]datos!BW247 -> 85.397701 | Z5: =[2]datos!BZ247 -> 89.235944 | AA5: =[2]datos!CC247 -> 101.07217 | AB5: =[2]datos!CF247 -> 97.572055 | AC5: =[2]datos!CI247 -> 96.204756 | AD5: =[2]datos!CL247 -> 71.973418 | AE5: =[2]datos!CO247 -> 108.64378 | AF5: =[2]datos!CR247 -> 73.014699 | AG5: =[2]datos!CU247 -> 94.107327 | AH5: =[2]datos!CX247 -> 76.025253 | AI5: =[3]Datos!D247 -> 96.498355
A6: 41395 | B6: =[2]datos!C248 -> 96.751212 | C6: =[2]datos!F248 -> 129.29213 | D6: =[2]datos!I248 -> 142.7035 | E6: =[2]datos!L248 -> 103.31478 | F6: =[2]datos!O248 -> 105.79898 | G6: =[2]datos!R248 -> 90.687446 | H6: =[2]datos!U248 -> 90.687446 | I6: =[2]datos!AA248 -> 96.070223 | J6: =[2]datos!AD248 -> 92.591263 | K6: =[2]datos!AG248 -> 132.18548 | L6: =[2]datos!AJ248 -> 73.924785 | M6: =[2]datos!AM248 -> 91.200421 | N6: =[2]datos!AP248 -> 90.369501 | O6: =[2]datos!AS248 -> 87.788275 | P6: =[2]datos!AV248 -> 92.577166 | Q6: =[2]datos!AY248 -> 96.694065 | R6: =[2]datos!BB248 -> 89.75507 | S6: =[2]datos!BE248 -> 105.89182 | T6: =[2]datos!BH248 -> 100.37526 | U6: =[2]datos!BK248 -> 81.626038 | V6: =[2]datos!BN248 -> 87.66081 | W6: =[2]datos!BQ248 -> 216.73648 | X6: =[2]datos!BT248 -> 107.64914 | Y6: =[2]datos!BW248 -> 87.315587 | Z6: =[2]datos!BZ248 -> 91.878286 | AA6: =[2]datos!CC248 -> 98.30259 | AB6: =[2]datos!CF248 -> 99.504939 | AC6: =[2]datos!CI248 -> 95.705225 | AD6: =[2]datos!CL248 -> 78.894839 | AE6: =[2]datos!CO248 -> 91.945496 | AF6: =[2]datos!CR248 -> 72.507385 | AG6: =[2]datos!CU248 -> 96.753214 | AH6: =[2]datos!CX248 -> 76.230568 | AI6: =[3]Datos!D248 -> 97.083827
A7: 41426 | B7: =[2]datos!C249 -> 93.300123 | C7: =[2]datos!F249 -> 126.35874 | D7: =[2]datos!I249 -> 138.61696 | E7: =[2]datos!L249 -> 97.461431 | F7: =[2]datos!O249 -> 127.01906 | G7: =[2]datos!R249 -> 91.924812 | H7: =[2]datos!U249 -> 91.924812 | I7: =[2]datos!AA249 -> 86.543008 | J7: =[2]datos!AD249 -> 79.169182 | K7: =[2]datos!AG249 -> 137.02436 | L7: =[2]datos!AJ249 -> 70.296919 | M7: =[2]datos!AM249 -> 89.028303 | N7: =[2]datos!AP249 -> 85.01728 | O7: =[2]datos!AS249 -> 83.97204 | P7: =[2]datos!AV249 -> 95.424174 | Q7: =[2]datos!AY249 -> 91.553951 | R7: =[2]datos!BB249 -> 91.480466 | S7: =[2]datos!BE249 -> 103.94763 | T7: =[2]datos!BH249 -> 110.48205 | U7: =[2]datos!BK249 -> 79.139922 | V7: =[2]datos!BN249 -> 88.864379 | W7: =[2]datos!BQ249 -> 204.52217 | X7: =[2]datos!BT249 -> 108.98601 | Y7: =[2]datos!BW249 -> 84.744132 | Z7: =[2]datos!BZ249 -> 89.205653 | AA7: =[2]datos!CC249 -> 93.112281 | AB7: =[2]datos!CF249 -> 95.085837 | AC7: =[2]datos!CI249 -> 89.262014 | AD7: =[2]datos!CL249 -> 76.833742 | AE7: =[2]datos!CO249 -> 85.402622 | AF7: =[2]datos!CR249 -> 74.582722 | AG7: =[2]datos!CU249 -> 88.016466 | AH7: =[2]datos!CX249 -> 82.326947 | AI7: =[3]Datos!D249 -> 93.574874
A8: 41456 | B8: =[2]datos!C250 -> 96.415834 | C8: =[2]datos!F250 -> 131.84997 | D8: =[2]datos!I250 -> 141.31628 | E8: =[2]datos!L250 -> 95.486071 | F8: =[2]datos!O250 -> 192.69389 | G8: =[2]datos!R250 -> 94.359289 | H8: =[2]datos!U250 -> 94.359289 | I8: =[2]datos!AA250 -> 93.846601 | J8: =[2]datos!AD250 -> 85.491504 | K8: =[2]datos!AG250 -> 153.42713 | L8: =[2]datos!AJ250 -> 72.634616 | M8: =[2]datos!AM250 -> 90.492933 | N8: =[2]datos!AP250 -> 87.174524 | O8: =[2]datos!AS250 -> 86.911028 | P8: =[2]datos!AV250 -> 98.46817 | Q8: =[2]datos!AY250 -> 94.079693 | R8: =[2]datos!BB250 -> 102.64 | S8: =[2]datos!BE250 -> 108.11858 | T8: =[2]datos!BH250 -> 100.94666 | U8: =[2]datos!BK250 -> 83.044323 | V8: =[2]datos!BN250 -> 85.927295 | W8: =[2]datos!BQ250 -> 201.10212 | X8: =[2]datos!BT250 -> 110.24177 | Y8: =[2]datos!BW250 -> 87.703461 | Z8: =[2]datos!BZ250 -> 90.946807 | AA8: =[2]datos!CC250 -> 99.869764 | AB8: =[2]datos!CF250 -> 96.435535 | AC8: =[2]datos!CI250 -> 98.863171 | AD8: =[2]datos!CL250 -> 75.076814 | AE8: =[2]datos!CO250 -> 95.463048 | AF8: =[2]datos!CR250 -> 73.457355 | AG8: =[2]datos!CU250 -> 89.534597 | AH8: =[2]datos!CX250 -> 74.986197 | AI8: =[3]Datos!D250 -> 95.854674
A9: 41487 | B9: =[2]datos!C251 -> 96.179258 | C9: =[2]datos!F251 -> 127.50701 | D9: =[2]datos!I251 -> 142.82885 | E9: =[2]datos!L251 -> 95.16551 | F9: =[2]datos!O251 -> 112.10708 | G9: =[2]datos!R251 -> 95.432006 | H9: =[2]datos!U251 -> 95.432006 | I9: =[2]datos!AA251 -> 92.797342 | J9: =[2]datos!AD251 -> 87.745813 | K9: =[2]datos!AG251 -> 135.02593 | L9: =[2]datos!AJ251 -> 72.665294 | M9: =[2]datos!AM251 -> 91.174819 | N9: =[2]datos!AP251 -> 88.625028 | O9: =[2]datos!AS251 -> 89.725693 | P9: =[2]datos!AV251 -> 99.364545 | Q9: =[2]datos!AY251 -> 98.576793 | R9: =[2]datos!BB251 -> 99.470153 | S9: =[2]datos!BE251 -> 103.91479 | T9: =[2]datos!BH251 -> 105.61718 | U9: =[2]datos!BK251 -> 82.131217 | V9: =[2]datos!BN251 -> 90.631987 | W9: =[2]datos!BQ251 -> 200.7937 | X9: =[2]datos!BT251 -> 108.80028 | Y9: =[2]datos!BW251 -> 84.893569 | Z9: =[2]datos!BZ251 -> 89.760124 | AA9: =[2]datos!CC251 -> 99.331529 | AB9: =[2]datos!CF251 -> 104.76658 | AC9: =[2]datos!CI251 -> 87.52812 | AD9: =[2]datos!CL251 -> 75.866406 | AE9: =[2]datos!CO251 -> 98.871573 | AF9: =[2]datos!CR251 -> 75.524959 | AG9: =[2]datos!CU251 -> 93.919962 | AH9: =[2]datos!CX251 -> 75.328311 | AI9: =[3]Datos!D251 -> 96.100423
A10: 41518 | B10: =[2]datos!C252 -> 93.224201 | C10: =[2]datos!F252 -> 124.19876 | D10: =[2]datos!I252 -> 138.81763 | E10: =[2]datos!L252 -> 91.67915 | F10: =[2]datos!O252 -> 116.64309 | G10: =[2]datos!R252 -> 92.297135 | H10: =[2]datos!U252 -> 92.297135 | I10: =[2]datos!AA252 -> 93.873942 | J10: =[2]datos!AD252 -> 88.538299 | K10: =[2]datos!AG252 -> 138.62956 | L10: =[2]datos!AJ252 -> 72.430674 | M10: =[2]datos!AM252 -> 87.098644 | N10: =[2]datos!AP252 -> 83.784427 | O10: =[2]datos!AS252 -> 77.203133 | P10: =[2]datos!AV252 -> 91.720656 | Q10: =[2]datos!AY252 -> 98.149838 | R10: =[2]datos!BB252 -> 98.707339 | S10: =[2]datos!BE252 -> 102.8683 | T10: =[2]datos!BH252 -> 82.388961 | U10: =[2]datos!BK252 -> 78.326668 | V10: =[2]datos!BN252 -> 95.044265 | W10: =[2]datos!BQ252 -> 177.82 | X10: =[2]datos!BT252 -> 101.4775 | Y10: =[2]datos!BW252 -> 81.693695 | Z10: =[2]datos!BZ252 -> 83.128756 | AA10: =[2]datos!CC252 -> 97.150255 | AB10: =[2]datos!CF252 -> 92.317419 | AC10: =[2]datos!CI252 -> 81.914364 | AD10: =[2]datos!CL252 -> 80.369697 | AE10: =[2]datos!CO252 -> 100.59786 | AF10: =[2]datos!CR252 -> 73.814885 | AG10: =[2]datos!CU252 -> 101.68906 | AH10: =[2]datos!CX252 -> 77.130676 | AI10: =[3]Datos!D252 -> 91.279547
A11: 41548 | B11: =[2]datos!C253 -> 99.128999 | C11: =[2]datos!F253 -> 129.32753 | D11: =[2]datos!I253 -> 144.31857 | E11: =[2]datos!L253 -> 96.432465 | F11: =[2]datos!O253 -> 119.63636 | G11: =[2]datos!R253 -> 91.687539 | H11: =[2]datos!U253 -> 91.687539 | I11: =[2]datos!AA253 -> 98.308705 | J11: =[2]datos!AD253 -> 89.884312 | K11: =[2]datos!AG253 -> 159.72816 | L11: =[2]datos!AJ253 -> 75.33738 | M11: =[2]datos!AM253 -> 94.20395 | N11: =[2]datos!AP253 -> 88.870941 | O11: =[2]datos!AS253 -> 85.974741 | P11: =[2]datos!AV253 -> 102.30836 | Q11: =[2]datos!AY253 -> 95.653733 | R11: =[2]datos!BB253 -> 108.48044 | S11: =[2]datos!BE253 -> 114.98169 | T11: =[2]datos!BH253 -> 105.56136 | U11: =[2]datos!BK253 -> 83.067061 | V11: =[2]datos!BN253 -> 87.166464 | W11: =[2]datos!BQ253 -> 188.87902 | X11: =[2]datos!BT253 -> 109.85809 | Y11: =[2]datos!BW253 -> 87.470696 | Z11: =[2]datos!BZ253 -> 90.835894 | AA11: =[2]datos!CC253 -> 101.93648 | AB11: =[2]datos!CF253 -> 100.71691 | AC11: =[2]datos!CI253 -> 90.571411 | AD11: =[2]datos!CL253 -> 85.200606 | AE11: =[2]datos!CO253 -> 98.058855 | AF11: =[2]datos!CR253 -> 83.614522 | AG11: =[2]datos!CU253 -> 108.27399 | AH11: =[2]datos!CX253 -> 82.123207 | AI11: =[3]Datos!D253 -> 97.536844
A12: 41579 | B12: =[2]datos!C254 -> 95.100226 | C12: =[2]datos!F254 -> 127.40014 | D12: =[2]datos!I254 -> 138.26171 | E12: =[2]datos!L254 -> 100.33783 | F12: =[2]datos!O254 -> 134.2447 | G12: =[2]datos!R254 -> 86.993149 | H12: =[2]datos!U254 -> 86.993149 | I12: =[2]datos!AA254 -> 98.61829 | J12: =[2]datos!AD254 -> 89.588431 | K12: =[2]datos!AG254 -> 164.57557 | L12: =[2]datos!AJ254 -> 73.850496 | M12: =[2]datos!AM254 -> 88.530861 | N12: =[2]datos!AP254 -> 90.957054 | O12: =[2]datos!AS254 -> 82.774176 | P12: =[2]datos!AV254 -> 94.748607 | Q12: =[2]datos!AY254 -> 82.724557 | R12: =[2]datos!BB254 -> 96.40866 | S12: =[2]datos!BE254 -> 105.59625 | T12: =[2]datos!BH254 -> 100.21102 | U12: =[2]datos!BK254 -> 82.562359 | V12: =[2]datos!BN254 -> 91.580623 | W12: =[2]datos!BQ254 -> 178.36365 | X12: =[2]datos!BT254 -> 100.26499 | Y12: =[2]datos!BW254 -> 81.589038 | Z12: =[2]datos!BZ254 -> 88.959455 | AA12: =[2]datos!CC254 -> 95.590503 | AB12: =[2]datos!CF254 -> 94.057841 | AC12: =[2]datos!CI254 -> 81.993731 | AD12: =[2]datos!CL254 -> 77.449964 | AE12: =[2]datos!CO254 -> 88.785906 | AF12: =[2]datos!CR254 -> 74.916762 | AG12: =[2]datos!CU254 -> 105.1517 | AH12: =[2]datos!CX254 -> 74.68588 | AI12: =[3]Datos!D254 -> 92.815734
A13: 41609 | B13: =[2]datos!C255 -> 92.644823 | C13: =[2]datos!F255 -> 136.43813 | D13: =[2]datos!I255 -> 142.80957 | E13: =[2]datos!L255 -> 104.30133 | F13: =[2]datos!O255 -> 210.29472 | G13: =[2]datos!R255 -> 82.81654 | H13: =[2]datos!U255 -> 82.81654 | I13: =[2]datos!AA255 -> 101.63703 | J13: =[2]datos!AD255 -> 93.016686 | K13: =[2]datos!AG255 -> 166.15935 | L13: =[2]datos!AJ255 -> 76.16004 | M13: =[2]datos!AM255 -> 82.365316 | N13: =[2]datos!AP255 -> 93.565865 | O13: =[2]datos!AS255 -> 76.041697 | P13: =[2]datos!AV255 -> 83.442185 | Q13: =[2]datos!AY255 -> 77.019984 | R13: =[2]datos!BB255 -> 92.492256 | S13: =[2]datos!BE255 -> 85.492075 | T13: =[2]datos!BH255 -> 76.331119 | U13: =[2]datos!BK255 -> 78.882094 | V13: =[2]datos!BN255 -> 102.77924 | W13: =[2]datos!BQ255 -> 206.55821 | X13: =[2]datos!BT255 -> 96.192623 | Y13: =[2]datos!BW255 -> 71.516191 | Z13: =[2]datos!BZ255 -> 86.104774 | AA13: =[2]datos!CC255 -> 88.244609 | AB13: =[2]datos!CF255 -> 85.60968 | AC13: =[2]datos!CI255 -> 77.879462 | AD13: =[2]datos!CL255 -> 69.74838 | AE13: =[2]datos!CO255 -> 81.045838 | AF13: =[2]datos!CR255 -> 57.509762 | AG13: =[2]datos!CU255 -> 107.33969 | AH13: =[2]datos!CX255 -> 69.290475 | AI13: =[3]Datos!D255 -> 90.188301
... A169: 46357 | B169: =[2]datos!C411 -> 0 | C169: =[2]datos!F411 -> 0 | D169: =[2]datos!I411 -> 0 | E169: =[2]datos!L411 -> 0 | F169: =[2]datos!O411 -> 0 | G169: =[2]datos!R411 -> 0 | H169: =[2]datos!U411 -> 0 | I169: =[2]datos!AA411 -> 0 | J169: =[2]datos!AD411 -> 0 | K169: =[2]datos!AG411 -> 0 | L169: =[2]datos!AJ411 -> 0 | M169: =[2]datos!AM411 -> 0 | N169: =[2]datos!AP411 -> 0 | O169: =[2]datos!AS411 -> 0 | P169: =[2]datos!AV411 -> 0 | Q169: =[2]datos!AY411 -> 0 | R169: =[2]datos!BB411 -> 0 | S169: =[2]datos!BE411 -> 0 | T169: =[2]datos!BH411 -> 0 | U169: =[2]datos!BK411 -> 0 | V169: =[2]datos!BN411 -> 0 | W169: =[2]datos!BQ411 -> 0 | X169: =[2]datos!BT411 -> 0 | Y169: =[2]datos!BW411 -> 0 | Z169: =[2]datos!BZ411 -> 0 | AA169: =[2]datos!CC411 -> 0 | AB169: =[2]datos!CF411 -> 0 | AC169: =[2]datos!CI411 -> 0 | AD169: =[2]datos!CL411 -> 0 | AE169: =[2]datos!CO411 -> 0 | AF169: =[2]datos!CR411 -> 0 | AG169: =[2]datos!CU411 -> 0 | AH169: =[2]datos!CX411 -> 0 | AI169: =[3]Datos!D411 -> 0

Sheet DatosDesest
B1: ACTIVIDAD INDUSTRIAL | C1: Industria Minera | D1: Extracción de petróleo y gas | E1: Minería de minerales metálicos y no metálicos excepto petróleo y gas, y servicios relacionados | F1: Servicios relacionados con la minería | G1: Electricidad, agua y suministro de gas por ductos al consumidor fina | H1: Generación, transmisión y suministro de energía eléctrica | I1: Construcción | J1: Edificación | K1: Construcción de obras de ingeniería civil u obra pesada | L1: Trabajos especializados para la construcción | M1: Total industrias manufactureras | N1: Industria alimentaria | O1: Industria de las bebidas y del tabaco | P1: Fabricación de insumos textiles | Q1: Confección de productos textiles, excepto prendas de vestir | R1: Fabricación de prendas de vestir | S1: Fabricación de productos de cuero, piel y materiales sucedáneos, excepto prendas de vestir | T1: Industria de la madera | U1: Industria del papel | V1: Impresión e industrias conexas | W1: Fabricación de productos derivados del petróleo y del carbón | X1: Industria química | Y1: Industria del plástico y del hule | Z1: Fabricación de productos a base de minerales no metálicos | AA1: Industrias metálicas básicas | AB1: Fabricación de productos metálicos | AC1: Fabricación de maquinaria y equipo | AD1: Fabricación de equipo de computación, comunicación, medición y otros equipos, componentes y accesorios electrónicos | AE1: Fabricación de equipo de generación eléctrica y aparatos y accesorios eléctricos | AF1: Fabricación de equipo de transporte | AG1: Fabricación de muebles y productos relacionados | AH1: Otras industrias manufactureras | AI1: Manufacturas sin equipo de transporte
A2: 41275 | B2: =[2]datos!D244 -> 94.432567 | C2: =[2]datos!G244 -> 130.99027 | D2: =[2]datos!J244 -> 142.83464 | E2: =[2]datos!M244 -> 102.03058 | F2: =[2]datos!P244 -> 135.85582 | G2: =[2]datos!S244 -> 88.440964 | H2: =[2]datos!V244 -> 88.440964 | I2: =[2]datos!AB244 -> 94.279489 | J2: =[2]datos!AE244 -> 89.85965 | K2: =[2]datos!AH244 -> 135.60601 | L2: =[2]datos!AK244 -> 71.567383 | M2: =[2]datos!AN244 -> 88.108842 | N2: =[2]datos!AQ244 -> 89.09645 | O2: =[2]datos!AT244 -> 83.939149 | P2: =[2]datos!AW244 -> 98.176342 | Q2: =[2]datos!AZ244 -> 87.374917 | R2: =[2]datos!BC244 -> 87.868862 | S2: =[2]datos!BF244 -> 104.86981 | T2: =[2]datos!BI244 -> 104.09625 | U2: =[2]datos!BL244 -> 80.321935 | V2: =[2]datos!BO244 -> 89.250782 | W2: =[2]datos!BR244 -> 195.07369 | X2: =[2]datos!BU244 -> 105.04278 | Y2: =[2]datos!BX244 -> 84.665881 | Z2: =[2]datos!CA244 -> 89.316258 | AA2: =[2]datos!CD244 -> 95.868915 | AB2: =[2]datos!CG244 -> 94.193507 | AC2: =[2]datos!CJ244 -> 93.407189 | AD2: =[2]datos!CM244 -> 70.953564 | AE2: =[2]datos!CP244 -> 102.7872 | AF2: =[2]datos!CS244 -> 69.133575 | AG2: =[2]datos!CV244 -> 93.409603 | AH2: =[2]datos!CY244 -> 75.915211 | AI2: =[3]Datos!E244 -> 93.990611
A3: 41306 | B3: =[2]datos!D245 -> 95.132841 | C3: =[2]datos!G245 -> 129.99533 | D3: =[2]datos!J245 -> 141.55508 | E3: =[2]datos!M245 -> 102.44027 | F3: =[2]datos!P245 -> 123.42153 | G3: =[2]datos!S245 -> 87.985011 | H3: =[2]datos!V245 -> 87.985011 | I3: =[2]datos!AB245 -> 95.826107 | J3: =[2]datos!AE245 -> 92.315613 | K3: =[2]datos!AH245 -> 135.65409 | L3: =[2]datos!AK245 -> 68.997941 | M3: =[2]datos!AN245 -> 88.810366 | N3: =[2]datos!AQ245 -> 89.684951 | O3: =[2]datos!AT245 -> 84.561677 | P3: =[2]datos!AW245 -> 97.140364 | Q3: =[2]datos!AZ245 -> 93.659364 | R3: =[2]datos!BC245 -> 91.013072 | S3: =[2]datos!BF245 -> 103.77978 | T3: =[2]datos!BI245 -> 101.34733 | U3: =[2]datos!BL245 -> 81.188771 | V3: =[2]datos!BO245 -> 90.364442 | W3: =[2]datos!BR245 -> 186.97667 | X3: =[2]datos!BU245 -> 103.32143 | Y3: =[2]datos!BX245 -> 83.573185 | Z3: =[2]datos!CA245 -> 89.139942 | AA3: =[2]datos!CD245 -> 97.342092 | AB3: =[2]datos!CG245 -> 96.652003 | AC3: =[2]datos!CJ245 -> 91.839246 | AD3: =[2]datos!CM245 -> 72.323384 | AE3: =[2]datos!CP245 -> 103.73502 | AF3: =[2]datos!CS245 -> 70.774153 | AG3: =[2]datos!CV245 -> 93.211777 | AH3: =[2]datos!CY245 -> 75.618528 | AI3: =[3]Datos!E245 -> 94.726885
A4: 41334 | B4: =[2]datos!D246 -> 94.17289 | C4: =[2]datos!G246 -> 128.75054 | D4: =[2]datos!J246 -> 140.32009 | E4: =[2]datos!M246 -> 101.65472 | F4: =[2]datos!P246 -> 126.76582 | G4: =[2]datos!S246 -> 86.147293 | H4: =[2]datos!V246 -> 86.147293 | I4: =[2]datos!AB246 -> 94.734788 | J4: =[2]datos!AE246 -> 89.936718 | K4: =[2]datos!AH246 -> 136.3613 | L4: =[2]datos!AK246 -> 74.046333 | M4: =[2]datos!AN246 -> 88.040113 | N4: =[2]datos!AQ246 -> 89.425953 | O4: =[2]datos!AT246 -> 82.2757 | P4: =[2]datos!AW246 -> 96.935758 | Q4: =[2]datos!AZ246 -> 89.837419 | R4: =[2]datos!BC246 -> 91.404287 | S4: =[2]datos!BF246 -> 101.57133 | T4: =[2]datos!BI246 -> 92.907206 | U4: =[2]datos!BL246 -> 81.805641 | V4: =[2]datos!BO246 -> 92.530619 | W4: =[2]datos!BR246 -> 190.28843 | X4: =[2]datos!BU246 -> 104.0496 | Y4: =[2]datos!BX246 -> 83.318708 | Z4: =[2]datos!CA246 -> 88.533077 | AA4: =[2]datos!CD246 -> 100.00947 | AB4: =[2]datos!CG246 -> 96.092855 | AC4: =[2]datos!CJ246 -> 89.124927 | AD4: =[2]datos!CM246 -> 72.379583 | AE4: =[2]datos!CP246 -> 98.85156 | AF4: =[2]datos!CS246 -> 70.91881 | AG4: =[2]datos!CV246 -> 92.387369 | AH4: =[2]datos!CY246 -> 74.175816 | AI4: =[3]Datos!E246 -> 93.328157
A5: 41365 | B5: =[2]datos!D247 -> 93.244901 | C5: =[2]datos!G247 -> 128.2791 | D5: =[2]datos!J247 -> 140.52773 | E5: =[2]datos!M247 -> 98.098643 | F5: =[2]datos!P247 -> 133.76461 | G5: =[2]datos!S247 -> 86.877234 | H5: =[2]datos!V247 -> 86.877234 | I5: =[2]datos!AB247 -> 89.359696 | J5: =[2]datos!AE247 -> 83.012706 | K5: =[2]datos!AH247 -> 138.8812 | L5: =[2]datos!AK247 -> 70.588302 | M5: =[2]datos!AN247 -> 87.974249 | N5: =[2]datos!AQ247 -> 88.624122 | O5: =[2]datos!AT247 -> 81.397498 | P5: =[2]datos!AW247 -> 96.020575 | Q5: =[2]datos!AZ247 -> 95.22333 | R5: =[2]datos!BC247 -> 91.840548 | S5: =[2]datos!BF247 -> 102.30406 | T5: =[2]datos!BI247 -> 96.147431 | U5: =[2]datos!BL247 -> 81.371004 | V5: =[2]datos!BO247 -> 89.020973 | W5: =[2]datos!BR247 -> 190.40957 | X5: =[2]datos!BU247 -> 102.15604 | Y5: =[2]datos!BX247 -> 83.474422 | Z5: =[2]datos!CA247 -> 86.880774 | AA5: =[2]datos!CD247 -> 100.32825 | AB5: =[2]datos!CG247 -> 95.230905 | AC5: =[2]datos!CJ247 -> 94.194058 | AD5: =[2]datos!CM247 -> 73.417735 | AE5: =[2]datos!CP247 -> 96.593167 | AF5: =[2]datos!CS247 -> 70.010524 | AG5: =[2]datos!CV247 -> 91.232094 | AH5: =[2]datos!CY247 -> 73.394739 | AI5: =[3]Datos!E247 -> 93.755991
A6: 41395 | B6: =[2]datos!D248 -> 94.808658 | C6: =[2]datos!G248 -> 127.83353 | D6: =[2]datos!J248 -> 140.21487 | E6: =[2]datos!M248 -> 99.171335 | F6: =[2]datos!P248 -> 125.62589 | G6: =[2]datos!S248 -> 88.692881 | H6: =[2]datos!V248 -> 88.692881 | I6: =[2]datos!AB248 -> 95.285614 | J6: =[2]datos!AE248 -> 90.660671 | K6: =[2]datos!AH248 -> 140.10135 | L6: =[2]datos!AK248 -> 70.142117 | M6: =[2]datos!AN248 -> 88.945476 | N6: =[2]datos!AQ248 -> 89.388808 | O6: =[2]datos!AT248 -> 80.64495 | P6: =[2]datos!AW248 -> 93.504621 | Q6: =[2]datos!AZ248 -> 93.583958 | R6: =[2]datos!BC248 -> 92.316496 | S6: =[2]datos!BF248 -> 102.83282 | T6: =[2]datos!BI248 -> 92.602894 | U6: =[2]datos!BL248 -> 79.353268 | V6: =[2]datos!BO248 -> 90.492908 | W6: =[2]datos!BR248 -> 204.68017 | X6: =[2]datos!BU248 -> 103.48832 | Y6: =[2]datos!BX248 -> 83.385143 | Z6: =[2]datos!CA248 -> 87.763491 | AA6: =[2]datos!CD248 -> 94.838686 | AB6: =[2]datos!CG248 -> 96.180081 | AC6: =[2]datos!CJ248 -> 90.742695 | AD6: =[2]datos!CM248 -> 79.972088 | AE6: =[2]datos!CP248 -> 98.039022 | AF6: =[2]datos!CS248 -> 71.002736 | AG6: =[2]datos!CV248 -> 97.251879 | AH6: =[2]datos!CY248 -> 74.967457 | AI6: =[3]Datos!E248 -> 94.871493
A7: 41426 | B7: =[2]datos!D249 -> 93.830366 | C7: =[2]datos!G249 -> 127.36276 | D7: =[2]datos!J249 -> 140.73839 | E7: =[2]datos!M249 -> 96.735838 | F7: =[2]datos!P249 -> 125.61021 | G7: =[2]datos!S249 -> 87.921468 | H7: =[2]datos!V249 -> 87.921468 | I7: =[2]datos!AB249 -> 91.024999 | J7: =[2]datos!AE249 -> 84.732038 | K7: =[2]datos!AH249 -> 139.23052 | L7: =[2]datos!AK249 -> 70.951015 | M7: =[2]datos!AN249 -> 88.629392 | N7: =[2]datos!AQ249 -> 89.178151 | O7: =[2]datos!AT249 -> 80.266468 | P7: =[2]datos!AW249 -> 94.791511 | Q7: =[2]datos!AZ249 -> 88.749452 | R7: =[2]datos!BC249 -> 93.11169 | S7: =[2]datos!BF249 -> 103.64398 | T7: =[2]datos!BI249 -> 93.763304 | U7: =[2]datos!BL249 -> 79.872613 | V7: =[2]datos!BO249 -> 91.804522 | W7: =[2]datos!BR249 -> 202.12541 | X7: =[2]datos!BU249 -> 103.50403 | Y7: =[2]datos!BX249 -> 83.534008 | Z7: =[2]datos!CA249 -> 87.640172 | AA7: =[2]datos!CD249 -> 93.47986 | AB7: =[2]datos!CG249 -> 96.482563 | AC7: =[2]datos!CJ249 -> 87.921189 | AD7: =[2]datos!CM249 -> 76.128565 | AE7: =[2]datos!CP249 -> 94.982742 | AF7: =[2]datos!CS249 -> 72.14234 | AG7: =[2]datos!CV249 -> 95.369156 | AH7: =[2]datos!CY249 -> 75.428063 | AI7: =[3]Datos!E249 -> 93.930133
A8: 41456 | B8: =[2]datos!D250 -> 94.017831 | C8: =[2]datos!G250 -> 127.66146 | D8: =[2]datos!J250 -> 139.98234 | E8: =[2]datos!M250 -> 96.851265 | F8: =[2]datos!P250 -> 138.60706 | G8: =[2]datos!S250 -> 88.625263 | H8: =[2]datos!V250 -> 88.625263 | I8: =[2]datos!AB250 -> 91.73643 | J8: =[2]datos!AE250 -> 83.903287 | K8: =[2]datos!AH250 -> 145.7808 | L8: =[2]datos!AK250 -> 72.16343 | M8: =[2]datos!AN250 -> 88.750293 | N8: =[2]datos!AQ250 -> 89.19168 | O8: =[2]datos!AT250 -> 81.193174 | P8: =[2]datos!AW250 -> 92.221014 | Q8: =[2]datos!AZ250 -> 92.072617 | R8: =[2]datos!BC250 -> 96.379114 | S8: =[2]datos!BF250 -> 102.72854 | T8: =[2]datos!BI250 -> 97.683463 | U8: =[2]datos!BL250 -> 80.785769 | V8: =[2]datos!BO250 -> 86.1534 | W8: =[2]datos!BR250 -> 192.39256 | X8: =[2]datos!BU250 -> 105.06916 | Y8: =[2]datos!BX250 -> 83.516289 | Z8: =[2]datos!CA250 -> 87.747833 | AA8: =[2]datos!CD250 -> 97.93115 | AB8: =[2]datos!CG250 -> 94.871312 | AC8: =[2]datos!CJ250 -> 88.054482 | AD8: =[2]datos!CM250 -> 74.771636 | AE8: =[2]datos!CP250 -> 94.514857 | AF8: =[2]datos!CS250 -> 73.284322 | AG8: =[2]datos!CV250 -> 93.550386 | AH8: =[2]datos!CY250 -> 74.116413 | AI8: =[3]Datos!E250 -> 93.714517
A9: 41487 | B9: =[2]datos!D251 -> 94.899336 | C9: =[2]datos!G251 -> 127.81061 | D9: =[2]datos!J251 -> 140.17692 | E9: =[2]datos!M251 -> 96.625837 | F9: =[2]datos!P251 -> 139.37159 | G9: =[2]datos!S251 -> 88.685702 | H9: =[2]datos!V251 -> 88.685702 | I9: =[2]datos!AB251 -> 93.167978 | J9: =[2]datos!AE251 -> 87.41241 | K9: =[2]datos!AH251 -> 138.419 | L9: =[2]datos!AK251 -> 73.546627 | M9: =[2]datos!AN251 -> 89.642139 | N9: =[2]datos!AQ251 -> 90.382017 | O9: =[2]datos!AT251 -> 83.668046 | P9: =[2]datos!AW251 -> 91.867043 | Q9: =[2]datos!AZ251 -> 89.827874 | R9: =[2]datos!BC251 -> 95.682309 | S9: =[2]datos!BF251 -> 102.07373 | T9: =[2]datos!BI251 -> 100.39596 | U9: =[2]datos!BL251 -> 82.118269 | V9: =[2]datos!BO251 -> 82.249437 | W9: =[2]datos!BR251 -> 198.56541 | X9: =[2]datos!BU251 -> 106.1152 | Y9: =[2]datos!BX251 -> 83.117773 | Z9: =[2]datos!CA251 -> 87.824043 | AA9: =[2]datos!CD251 -> 98.197787 | AB9: =[2]datos!CG251 -> 96.270883 | AC9: =[2]datos!CJ251 -> 90.176307 | AD9: =[2]datos!CM251 -> 73.874627 | AE9: =[2]datos!CP251 -> 97.095016 | AF9: =[2]datos!CS251 -> 73.424346 | AG9: =[2]datos!CV251 -> 90.386294 | AH9: =[2]datos!CY251 -> 73.570026 | AI9: =[3]Datos!E251 -> 94.860446
A10: 41518 | B10: =[2]datos!D252 -> 94.026872 | C10: =[2]datos!G252 -> 127.61084 | D10: =[2]datos!J252 -> 141.16571 | E10: =[2]datos!M252 -> 93.892116 | F10: =[2]datos!P252 -> 137.17767 | G10: =[2]datos!S252 -> 87.980861 | H10: =[2]datos!V252 -> 87.980861 | I10: =[2]datos!AB252 -> 92.630429 | J10: =[2]datos!AE252 -> 87.576385 | K10: =[2]datos!AH252 -> 136.62876 | L10: =[2]datos!AK252 -> 71.165794 | M10: =[2]datos!AN252 -> 88.259204 | N10: =[2]datos!AQ252 -> 89.728956 | O10: =[2]datos!AT252 -> 80.018671 | P10: =[2]datos!AW252 -> 93.117938 | Q10: =[2]datos!AZ252 -> 88.863451 | R10: =[2]datos!BC252 -> 94.010932 | S10: =[2]datos!BF252 -> 102.59985 | T10: =[2]datos!BI252 -> 96.752941 | U10: =[2]datos!BL252 -> 81.611021 | V10: =[2]datos!BO252 -> 89.388374 | W10: =[2]datos!BR252 -> 190.56918 | X10: =[2]datos!BU252 -> 104.07211 | Y10: =[2]datos!BX252 -> 82.550363 | Z10: =[2]datos!CA252 -> 85.512645 | AA10: =[2]datos!CD252 -> 97.732569 | AB10: =[2]datos!CG252 -> 92.394774 | AC10: =[2]datos!CJ252 -> 88.412237 | AD10: =[2]datos!CM252 -> 76.622721 | AE10: =[2]datos!CP252 -> 92.410393 | AF10: =[2]datos!CS252 -> 73.801614 | AG10: =[2]datos!CV252 -> 95.306811 | AH10: =[2]datos!CY252 -> 72.834682 | AI10: =[3]Datos!E252 -> 92.559395
A11: 41548 | B11: =[2]datos!D253 -> 94.999593 | C11: =[2]datos!G253 -> 129.03328 | D11: =[2]datos!J253 -> 141.46601 | E11: =[2]datos!M253 -> 95.866549 | F11: =[2]datos!P253 -> 144.40133 | G11: =[2]datos!S253 -> 88.273579 | H11: =[2]datos!V253 -> 88.273579 | I11: =[2]datos!AB253 -> 93.927255 | J11: =[2]datos!AE253 -> 88.105343 | K11: =[2]datos!AH253 -> 139.51946 | L11: =[2]datos!AK253 -> 73.636332 | M11: =[2]datos!AN253 -> 89.39219 | N11: =[2]datos!AQ253 -> 90.261112 | O11: =[2]datos!AT253 -> 82.458693 | P11: =[2]datos!AW253 -> 92.996279 | Q11: =[2]datos!AZ253 -> 86.538249 | R11: =[2]datos!BC253 -> 96.230769 | S11: =[2]datos!BF253 -> 104.48353 | T11: =[2]datos!BI253 -> 105.24324 | U11: =[2]datos!BL253 -> 81.444617 | V11: =[2]datos!BO253 -> 83.953914 | W11: =[2]datos!BR253 -> 197.83602 | X11: =[2]datos!BU253 -> 105.38042 | Y11: =[2]datos!BX253 -> 81.863949 | Z11: =[2]datos!CA253 -> 87.462029 | AA11: =[2]datos!CD253 -> 99.655044 | AB11: =[2]datos!CG253 -> 94.160395 | AC11: =[2]datos!CJ253 -> 88.321237 | AD11: =[2]datos!CM253 -> 77.135788 | AE11: =[2]datos!CP253 -> 87.524734 | AF11: =[2]datos!CS253 -> 73.654523 | AG11: =[2]datos!CV253 -> 99.173492 | AH11: =[2]datos!CY253 -> 76.807746 | AI11: =[3]Datos!E253 -> 94.146559
A12: 41579 | B12: =[2]datos!D254 -> 94.740834 | C12: =[2]datos!G254 -> 129.88085 | D12: =[2]datos!J254 -> 140.42677 | E12: =[2]datos!M254 -> 101.36753 | F12: =[2]datos!P254 -> 146.71578 | G12: =[2]datos!S254 -> 89.125601 | H12: =[2]datos!V254 -> 89.125601 | I12: =[2]datos!AB254 -> 93.437538 | J12: =[2]datos!AE254 -> 86.692623 | K12: =[2]datos!AH254 -> 140.81959 | L12: =[2]datos!AK254 -> 76.250724 | M12: =[2]datos!AN254 -> 88.920771 | N12: =[2]datos!AQ254 -> 90.594092 | O12: =[2]datos!AT254 -> 82.407608 | P12: =[2]datos!AW254 -> 92.184384 | Q12: =[2]datos!AZ254 -> 84.82409 | R12: =[2]datos!BC254 -> 92.578091 | S12: =[2]datos!BF254 -> 103.42858 | T12: =[2]datos!BI254 -> 103.25235 | U12: =[2]datos!BL254 -> 82.715657 | V12: =[2]datos!BO254 -> 85.462408 | W12: =[2]datos!BR254 -> 191.55104 | X12: =[2]datos!BU254 -> 102.33305 | Y12: =[2]datos!BX254 -> 83.106013 | Z12: =[2]datos!CA254 -> 88.812692 | AA12: =[2]datos!CD254 -> 98.281104 | AB12: =[2]datos!CG254 -> 94.013822 | AC12: =[2]datos!CJ254 -> 85.834424 | AD12: =[2]datos!CM254 -> 74.985322 | AE12: =[2]datos!CP254 -> 93.072041 | AF12: =[2]datos!CS254 -> 73.712343 | AG12: =[2]datos!CV254 -> 96.970695 | AH12: =[2]datos!CY254 -> 77.871712 | AI12: =[3]Datos!E254 -> 93.707127
A13: 41609 | B13: =[2]datos!D255 -> 95.02048 | C13: =[2]datos!G255 -> 130.34572 | D13: =[2]datos!J255 -> 140.21171 | E13: =[2]datos!M255 -> 104.48613 | F13: =[2]datos!P255 -> 146.89394 | G13: =[2]datos!S255 -> 88.57254 | H13: =[2]datos!V255 -> 88.57254 | I13: =[2]datos!AB255 -> 94.792728 | J13: =[2]datos!AE255 -> 88.492086 | K13: =[2]datos!AH255 -> 142.41846 | L13: =[2]datos!AK255 -> 74.48091 | M13: =[2]datos!AN255 -> 88.551377 | N13: =[2]datos!AQ255 -> 90.683635 | O13: =[2]datos!AT255 -> 80.293931 | P13: =[2]datos!AW255 -> 95.700973 | Q13: =[2]datos!AZ255 -> 86.114301 | R13: =[2]datos!BC255 -> 98.332118 | S13: =[2]datos!BF255 -> 100.49112 | T13: =[2]datos!BI255 -> 92.18733 | U13: =[2]datos!BL255 -> 82.477378 | V13: =[2]datos!BO255 -> 87.327987 | W13: =[2]datos!BR255 -> 205.72208 | X13: =[2]datos!BU255 -> 103.02554 | Y13: =[2]datos!BX255 -> 82.665114 | Z13: =[2]datos!CA255 -> 88.604632 | AA13: =[2]datos!CD255 -> 95.412569 | AB13: =[2]datos!CG255 -> 95.077134 | AC13: =[2]datos!CJ255 -> 86.736677 | AD13: =[2]datos!CM255 -> 75.804038 | AE13: =[2]datos!CP255 -> 91.075651 | AF13: =[2]datos!CS255 -> 71.189072 | AG13: =[2]datos!CV255 -> 98.746487 | AH13: =[2]datos!CY255 -> 76.401319 | AI13: =[3]Datos!E255 -> 93.933586
... A169: 46357 | B169: =[2]datos!D411 -> 0 | C169: =[2]datos!G411 -> 0 | D169: =[2]datos!J411 -> 0 | E169: =[2]datos!M411 -> 0 | F169: =[2]datos!P411 -> 0 | G169: =[2]datos!S411 -> 0 | H169: =[2]datos!V411 -> 0 | I169: =[2]datos!AB411 -> 0 | J169: =[2]datos!AE411 -> 0 | K169: =[2]datos!AH411 -> 0 | L169: =[2]datos!AK411 -> 0 | M169: =[2]datos!AN411 -> 0 | N169: =[2]datos!AQ411 -> 0 | O169: =[2]datos!AT411 -> 0 | P169: =[2]datos!AW411 -> 0 | Q169: =[2]datos!AZ411 -> 0 | R169: =[2]datos!BC411 -> 0 | S169: =[2]datos!BF411 -> 0 | T169: =[2]datos!BI411 -> 0 | U169: =[2]datos!BL411 -> 0 | V169: =[2]datos!BO411 -> 0 | W169: =[2]datos!BR411 -> 0 | X169: =[2]datos!BU411 -> 0 | Y169: =[2]datos!BX411 -> 0 | Z169: =[2]datos!CA411 -> 0 | AA169: =[2]datos!CD411 -> 0 | AB169: =[2]datos!CG411 -> 0 | AC169: =[2]datos!CJ411 -> 0 | AD169: =[2]datos!CM411 -> 0 | AE169: =[2]datos!CP411 -> 0 | AF169: =[2]datos!CS411 -> 0 | AG169: =[2]datos!CV411 -> 0 | AH169: =[2]datos!CY411 -> 0 | AI169: =[3]Datos!E411 -> 0

Sheet DContriORI
E1: 2 | F1: =+E1+1 -> 3 | G1: =+F1+1 -> 4 | H1: =+G1+1 -> 5 | I1: =+H1+1 -> 6 | J1: =+I1+1 -> 7 | K1: =+J1+1 -> 8 | L1: =+K1+1 -> 9 | M1: =+L1+1 -> 10 | ... FP1: =+FO1+1 -> 169
B2: Originales
B5: Índices IMAI | E5: 41275 | F5: =+EDATE(E5,1) -> 41306 | G5: =+EDATE(F5,1) -> 41334 | H5: =+EDATE(G5,1) -> 41365 | I5: =+EDATE(H5,1) -> 41395 | J5: =+EDATE(I5,1) -> 41426 | K5: =+EDATE(J5,1) -> 41456 | L5: =+EDATE(K5,1) -> 41487 | M5: =+EDATE(L5,1) -> 41518 | ... FP5: =+EDATE(FO5,1) -> 46357
B6: SERIES ORIGINALES | C6: PIB 2018
A7: B | B7: ACTIVIDAD INDUSTRIAL | C7: =Ponderadores!B5 -> 7747139.7 | E7: =+INDIRECT("DatosOri!"&$A7&E$1) -> 91.795723 | F7: =+INDIRECT("DatosOri!"&$A7&F$1) -> 90.795957 | G7: =+INDIRECT("DatosOri!"&$A7&G$1) -> 92.46148 | H7: =+INDIRECT("DatosOri!"&$A7&H$1) -> 95.217513 | I7: =+INDIRECT("DatosOri!"&$A7&I$1) -> 96.751212 | J7: =+INDIRECT("DatosOri!"&$A7&J$1) -> 93.300123 | K7: =+INDIRECT("DatosOri!"&$A7&K$1) -> 96.415834 | L7: =+INDIRECT("DatosOri!"&$A7&L$1) -> 96.179258 | ... FP7: =+INDIRECT("DatosOri!"&$A7&FP$1) -> 0
A8: C | B8: Industria Minera | C8: =Ponderadores!B6 -> 948326.58 | E8: =+INDIRECT("DatosOri!"&$A8&E$1) -> 131.03121 | F8: =+INDIRECT("DatosOri!"&$A8&F$1) -> 121.39022 | G8: =+INDIRECT("DatosOri!"&$A8&G$1) -> 131.90808 | H8: =+INDIRECT("DatosOri!"&$A8&H$1) -> 128.03237 | I8: =+INDIRECT("DatosOri!"&$A8&I$1) -> 129.29213 | J8: =+INDIRECT("DatosOri!"&$A8&J$1) -> 126.35874 | K8: =+INDIRECT("DatosOri!"&$A8&K$1) -> 131.84997 | L8: =+INDIRECT("DatosOri!"&$A8&L$1) -> 127.50701 | ... FP8: =+INDIRECT("DatosOri!"&$A8&FP$1) -> 0
A9: D | B9: Extracción de petróleo y gas | C9: =Ponderadores!B7 -> 621540.6 | E9: =+INDIRECT("DatosOri!"&$A9&E$1) -> 146.19492 | F9: =+INDIRECT("DatosOri!"&$A9&F$1) -> 131.35293 | G9: =+INDIRECT("DatosOri!"&$A9&G$1) -> 143.33694 | H9: =+INDIRECT("DatosOri!"&$A9&H$1) -> 138.38781 | I9: =+INDIRECT("DatosOri!"&$A9&I$1) -> 142.7035 | J9: =+INDIRECT("DatosOri!"&$A9&J$1) -> 138.61696 | K9: =+INDIRECT("DatosOri!"&$A9&K$1) -> 141.31628 | L9: =+INDIRECT("DatosOri!"&$A9&L$1) -> 142.82885 | ... FP9: =+INDIRECT("DatosOri!"&$A9&FP$1) -> 0
A10: E | B10: Minería de minerales metálicos y no metálicos excepto petróleo y gas, y servicios relacionados | C10: =Ponderadores!B8 -> 265067.55 | E10: =+INDIRECT("DatosOri!"&$A10&E$1) -> 102.43443 | F10: =+INDIRECT("DatosOri!"&$A10&F$1) -> 98.436452 | G10: =+INDIRECT("DatosOri!"&$A10&G$1) -> 102.58752 | H10: =+INDIRECT("DatosOri!"&$A10&H$1) -> 101.74208 | I10: =+INDIRECT("DatosOri!"&$A10&I$1) -> 103.31478 | J10: =+INDIRECT("DatosOri!"&$A10&J$1) -> 97.461431 | K10: =+INDIRECT("DatosOri!"&$A10&K$1) -> 95.486071 | L10: =+INDIRECT("DatosOri!"&$A10&L$1) -> 95.16551 | ... FP10: =+INDIRECT("DatosOri!"&$A10&FP$1) -> 0
A11: F | B11: Servicios relacionados con la minería | C11: =Ponderadores!B9 -> 61718.433 | E11: =+INDIRECT("DatosOri!"&$A11&E$1) -> 101.14098 | F11: =+INDIRECT("DatosOri!"&$A11&F$1) -> 119.64152 | G11: =+INDIRECT("DatosOri!"&$A11&G$1) -> 142.73832 | H11: =+INDIRECT("DatosOri!"&$A11&H$1) -> 136.65822 | I11: =+INDIRECT("DatosOri!"&$A11&I$1) -> 105.79898 | J11: =+INDIRECT("DatosOri!"&$A11&J$1) -> 127.01906 | K11: =+INDIRECT("DatosOri!"&$A11&K$1) -> 192.69389 | L11: =+INDIRECT("DatosOri!"&$A11&L$1) -> 112.10708 | ... FP11: =+INDIRECT("DatosOri!"&$A11&FP$1) -> 0
A12: G | B12: Electricidad, agua y suministro de gas por ductos al consumidor fina | C12: =Ponderadores!B10 -> 456907.22 | E12: =+INDIRECT("DatosOri!"&$A12&E$1) -> 83.150627 | F12: =+INDIRECT("DatosOri!"&$A12&F$1) -> 80.252433 | G12: =+INDIRECT("DatosOri!"&$A12&G$1) -> 82.735247 | H12: =+INDIRECT("DatosOri!"&$A12&H$1) -> 85.399436 | I12: =+INDIRECT("DatosOri!"&$A12&I$1) -> 90.687446 | J12: =+INDIRECT("DatosOri!"&$A12&J$1) -> 91.924812 | K12: =+INDIRECT("DatosOri!"&$A12&K$1) -> 94.359289 | L12: =+INDIRECT("DatosOri!"&$A12&L$1) -> 95.432006 | ... FP12: =+INDIRECT("DatosOri!"&$A12&FP$1) -> 0
A13: H | B13: Generación, transmisión y suministro de energía eléctrica | C13: =Ponderadores!B11 -> 456907.22 | E13: =+INDIRECT("DatosOri!"&$A13&E$1) -> 83.150627 | F13: =+INDIRECT("DatosOri!"&$A13&F$1) -> 80.252433 | G13: =+INDIRECT("DatosOri!"&$A13&G$1) -> 82.735247 | H13: =+INDIRECT("DatosOri!"&$A13&H$1) -> 85.399436 | I13: =+INDIRECT("DatosOri!"&$A13&I$1) -> 90.687446 | J13: =+INDIRECT("DatosOri!"&$A13&J$1) -> 91.924812 | K13: =+INDIRECT("DatosOri!"&$A13&K$1) -> 94.359289 | L13: =+INDIRECT("DatosOri!"&$A13&L$1) -> 95.432006 | ... FP13: =+INDIRECT("DatosOri!"&$A13&FP$1) -> 0
A14: I | B14: Construcción | C14: =Ponderadores!B13 -> 1460789.5 | E14: =+INDIRECT("DatosOri!"&$A14&E$1) -> 86.606116 | F14: =+INDIRECT("DatosOri!"&$A14&F$1) -> 94.162325 | G14: =+INDIRECT("DatosOri!"&$A14&G$1) -> 87.044218 | H14: =+INDIRECT("DatosOri!"&$A14&H$1) -> 91.490406 | I14: =+INDIRECT("DatosOri!"&$A14&I$1) -> 96.070223 | J14: =+INDIRECT("DatosOri!"&$A14&J$1) -> 86.543008 | K14: =+INDIRECT("DatosOri!"&$A14&K$1) -> 93.846601 | L14: =+INDIRECT("DatosOri!"&$A14&L$1) -> 92.797342 | ... FP14: =+INDIRECT("DatosOri!"&$A14&FP$1) -> 0
A15: J | B15: Edificación | C15: =Ponderadores!B14 -> 1064926.3 | E15: =+INDIRECT("DatosOri!"&$A15&E$1) -> 81.275283 | F15: =+INDIRECT("DatosOri!"&$A15&F$1) -> 93.879487 | G15: =+INDIRECT("DatosOri!"&$A15&G$1) -> 83.592658 | H15: =+INDIRECT("DatosOri!"&$A15&H$1) -> 88.610517 | I15: =+INDIRECT("DatosOri!"&$A15&I$1) -> 92.591263 | J15: =+INDIRECT("DatosOri!"&$A15&J$1) -> 79.169182 | K15: =+INDIRECT("DatosOri!"&$A15&K$1) -> 85.491504 | L15: =+INDIRECT("DatosOri!"&$A15&L$1) -> 87.745813 | ... FP15: =+INDIRECT("DatosOri!"&$A15&FP$1) -> 0
A16: K | B16: Construcción de obras de ingeniería civil u obra pesada | C16: =Ponderadores!B15 -> 214062.02 | E16: =+INDIRECT("DatosOri!"&$A16&E$1) -> 126.51361 | F16: =+INDIRECT("DatosOri!"&$A16&F$1) -> 118.42818 | G16: =+INDIRECT("DatosOri!"&$A16&G$1) -> 118.07519 | H16: =+INDIRECT("DatosOri!"&$A16&H$1) -> 123.81905 | I16: =+INDIRECT("DatosOri!"&$A16&I$1) -> 132.18548 | J16: =+INDIRECT("DatosOri!"&$A16&J$1) -> 137.02436 | K16: =+INDIRECT("DatosOri!"&$A16&K$1) -> 153.42713 | L16: =+INDIRECT("DatosOri!"&$A16&L$1) -> 135.02593 | ... FP16: =+INDIRECT("DatosOri!"&$A16&FP$1) -> 0
A17: L | B17: Trabajos especializados para la construcción | C17: =Ponderadores!B16 -> 181801.25 | E17: =+INDIRECT("DatosOri!"&$A17&E$1) -> 70.84311 | F17: =+INDIRECT("DatosOri!"&$A17&F$1) -> 67.247236 | G17: =+INDIRECT("DatosOri!"&$A17&G$1) -> 70.724775 | H17: =+INDIRECT("DatosOri!"&$A17&H$1) -> 70.294376 | I17: =+INDIRECT("DatosOri!"&$A17&I$1) -> 73.924785 | J17: =+INDIRECT("DatosOri!"&$A17&J$1) -> 70.296919 | K17: =+INDIRECT("DatosOri!"&$A17&K$1) -> 72.634616 | L17: =+INDIRECT("DatosOri!"&$A17&L$1) -> 72.665294 | ... FP17: =+INDIRECT("DatosOri!"&$A17&FP$1) -> 0
A18: M | B18: Total industrias manufactureras | C18: =Ponderadores!B17 -> 4881116.4 | E18: =+INDIRECT("DatosOri!"&$A18&E$1) -> 86.535219 | F18: =+INDIRECT("DatosOri!"&$A18&F$1) -> 84.831441 | G18: =+INDIRECT("DatosOri!"&$A18&G$1) -> 87.329295 | H18: =+INDIRECT("DatosOri!"&$A18&H$1) -> 90.876553 | I18: =+INDIRECT("DatosOri!"&$A18&I$1) -> 91.200421 | J18: =+INDIRECT("DatosOri!"&$A18&J$1) -> 89.028303 | K18: =+INDIRECT("DatosOri!"&$A18&K$1) -> 90.492933 | L18: =+INDIRECT("DatosOri!"&$A18&L$1) -> 91.174819 | ... FP18: =+INDIRECT("DatosOri!"&$A18&FP$1) -> 0
A19: N | B19: Industria alimentaria | C19: =Ponderadores!B18 -> 911713.77 | E19: =+INDIRECT("DatosOri!"&$A19&E$1) -> 92.595093 | F19: =+INDIRECT("DatosOri!"&$A19&F$1) -> 90.278462 | G19: =+INDIRECT("DatosOri!"&$A19&G$1) -> 92.45331 | H19: =+INDIRECT("DatosOri!"&$A19&H$1) -> 92.320233 | I19: =+INDIRECT("DatosOri!"&$A19&I$1) -> 90.369501 | J19: =+INDIRECT("DatosOri!"&$A19&J$1) -> 85.01728 | K19: =+INDIRECT("DatosOri!"&$A19&K$1) -> 87.174524 | L19: =+INDIRECT("DatosOri!"&$A19&L$1) -> 88.625028 | ... FP19: =+INDIRECT("DatosOri!"&$A19&FP$1) -> 0
A20: O | B20: Industria de las bebidas y del tabaco | C20: =Ponderadores!B19 -> 240174.37 | E20: =+INDIRECT("DatosOri!"&$A20&E$1) -> 74.599987 | F20: =+INDIRECT("DatosOri!"&$A20&F$1) -> 72.448995 | G20: =+INDIRECT("DatosOri!"&$A20&G$1) -> 80.047465 | H20: =+INDIRECT("DatosOri!"&$A20&H$1) -> 85.40994 | I20: =+INDIRECT("DatosOri!"&$A20&I$1) -> 87.788275 | J20: =+INDIRECT("DatosOri!"&$A20&J$1) -> 83.97204 | K20: =+INDIRECT("DatosOri!"&$A20&K$1) -> 86.911028 | L20: =+INDIRECT("DatosOri!"&$A20&L$1) -> 89.725693 | ... FP20: =+INDIRECT("DatosOri!"&$A20&FP$1) -> 0
A21: P | B21: Fabricación de insumos textiles | C21: =Ponderadores!B20 -> 32513.579 | E21: =+INDIRECT("DatosOri!"&$A21&E$1) -> 91.391605 | F21: =+INDIRECT("DatosOri!"&$A21&F$1) -> 94.141938 | G21: =+INDIRECT("DatosOri!"&$A21&G$1) -> 91.892847 | H21: =+INDIRECT("DatosOri!"&$A21&H$1) -> 96.82572 | I21: =+INDIRECT("DatosOri!"&$A21&I$1) -> 92.577166 | J21: =+INDIRECT("DatosOri!"&$A21&J$1) -> 95.424174 | K21: =+INDIRECT("DatosOri!"&$A21&K$1) -> 98.46817 | L21: =+INDIRECT("DatosOri!"&$A21&L$1) -> 99.364545 | ... FP21: =+INDIRECT("DatosOri!"&$A21&FP$1) -> 0
A22: Q | B22: Confección de productos textiles, excepto prendas de vestir | C22: =Ponderadores!B21 -> 17328.629 | E22: =+INDIRECT("DatosOri!"&$A22&E$1) -> 77.216511 | F22: =+INDIRECT("DatosOri!"&$A22&F$1) -> 84.400199 | G22: =+INDIRECT("DatosOri!"&$A22&G$1) -> 81.825591 | H22: =+INDIRECT("DatosOri!"&$A22&H$1) -> 98.224748 | I22: =+INDIRECT("DatosOri!"&$A22&I$1) -> 96.694065 | J22: =+INDIRECT("DatosOri!"&$A22&J$1) -> 91.553951 | K22: =+INDIRECT("DatosOri!"&$A22&K$1) -> 94.079693 | L22: =+INDIRECT("DatosOri!"&$A22&L$1) -> 98.576793 | ... FP22: =+INDIRECT("DatosOri!"&$A22&FP$1) -> 0
A23: R | B23: Fabricación de prendas de vestir | C23: =Ponderadores!B22 -> 71182.811 | E23: =+INDIRECT("DatosOri!"&$A23&E$1) -> 80.603364 | F23: =+INDIRECT("DatosOri!"&$A23&F$1) -> 86.179975 | G23: =+INDIRECT("DatosOri!"&$A23&G$1) -> 85.600122 | H23: =+INDIRECT("DatosOri!"&$A23&H$1) -> 91.608591 | I23: =+INDIRECT("DatosOri!"&$A23&I$1) -> 89.75507 | J23: =+INDIRECT("DatosOri!"&$A23&J$1) -> 91.480466 | K23: =+INDIRECT("DatosOri!"&$A23&K$1) -> 102.64 | L23: =+INDIRECT("DatosOri!"&$A23&L$1) -> 99.470153 | ... FP23: =+INDIRECT("DatosOri!"&$A23&FP$1) -> 0
A24: S | B24: Fabricación de productos de cuero, piel y materiales sucedáneos, excepto prendas de vestir | C24: =Ponderadores!B23 -> 31436.957 | E24: =+INDIRECT("DatosOri!"&$A24&E$1) -> 100.61752 | F24: =+INDIRECT("DatosOri!"&$A24&F$1) -> 99.554232 | G24: =+INDIRECT("DatosOri!"&$A24&G$1) -> 103.65714 | H24: =+INDIRECT("DatosOri!"&$A24&H$1) -> 102.35642 | I24: =+INDIRECT("DatosOri!"&$A24&I$1) -> 105.89182 | J24: =+INDIRECT("DatosOri!"&$A24&J$1) -> 103.94763 | K24: =+INDIRECT("DatosOri!"&$A24&K$1) -> 108.11858 | L24: =+INDIRECT("DatosOri!"&$A24&L$1) -> 103.91479 | ... FP24: =+INDIRECT("DatosOri!"&$A24&FP$1) -> 0
A25: T | B25: Industria de la madera | C25: =Ponderadores!B24 -> 38837.812 | E25: =+INDIRECT("DatosOri!"&$A25&E$1) -> 90.440143 | F25: =+INDIRECT("DatosOri!"&$A25&F$1) -> 93.577037 | G25: =+INDIRECT("DatosOri!"&$A25&G$1) -> 102.93573 | H25: =+INDIRECT("DatosOri!"&$A25&H$1) -> 104.87881 | I25: =+INDIRECT("DatosOri!"&$A25&I$1) -> 100.37526 | J25: =+INDIRECT("DatosOri!"&$A25&J$1) -> 110.48205 | K25: =+INDIRECT("DatosOri!"&$A25&K$1) -> 100.94666 | L25: =+INDIRECT("DatosOri!"&$A25&L$1) -> 105.61718 | ... FP25: =+INDIRECT("DatosOri!"&$A25&FP$1) -> 0
... A39: AH | B39: Otras industrias manufactureras | C39: =Ponderadores!B38 -> 132857.27 | E39: =+INDIRECT("DatosOri!"&$A39&E$1) -> 70.670338 | F39: =+INDIRECT("DatosOri!"&$A39&F$1) -> 69.498124 | G39: =+INDIRECT("DatosOri!"&$A39&G$1) -> 71.973344 | H39: =+INDIRECT("DatosOri!"&$A39&H$1) -> 76.025253 | I39: =+INDIRECT("DatosOri!"&$A39&I$1) -> 76.230568 | J39: =+INDIRECT("DatosOri!"&$A39&J$1) -> 82.326947 | K39: =+INDIRECT("DatosOri!"&$A39&K$1) -> 74.986197 | L39: =+INDIRECT("DatosOri!"&$A39&L$1) -> 75.328311 | ... FP39: =+INDIRECT("DatosOri!"&$A39&FP$1) -> 0
A40: AI | B40: Manufacturas sin equipo de transporte | C40: =Ponderadores!C17 -> 3712615.6 | E40: =+INDIRECT("DatosOri!"&$A40&E$1) -> 92.713662 | F40: =+INDIRECT("DatosOri!"&$A40&F$1) -> 90.071086 | G40: =+INDIRECT("DatosOri!"&$A40&G$1) -> 93.088498 | H40: =+INDIRECT("DatosOri!"&$A40&H$1) -> 96.498355 | I40: =+INDIRECT("DatosOri!"&$A40&I$1) -> 97.083827 | J40: =+INDIRECT("DatosOri!"&$A40&J$1) -> 93.574874 | K40: =+INDIRECT("DatosOri!"&$A40&K$1) -> 95.854674 | L40: =+INDIRECT("DatosOri!"&$A40&L$1) -> 96.100423 | ... FP40: =+INDIRECT("DatosOri!"&$A40&FP$1) -> 0
B42: PIB Actividad Industrial | E42: =+E5 -> 41275 | F42: =+F5 -> 41306 | G42: =+G5 -> 41334 | H42: =+H5 -> 41365 | I42: =+I5 -> 41395 | J42: =+J5 -> 41426 | K42: =+K5 -> 41456 | L42: =+L5 -> 41487 | ... FP42: =+FP5 -> 46357
B43: SERIES ORIGINALES | C43: =+C6 -> PIB 2018
B44: ACTIVIDAD INDUSTRIAL | C44: =C49 -> 7747139.7 | E44: =+E49 -> 7111542.9 | F44: =+F49 -> 7034089.7 | G44: =+G49 -> 7163120 | H44: =+H49 -> 7376633.8 | I44: =+I49 -> 7495451.5 | J44: =+J49 -> 7228090.9 | K44: =+K49 -> 7469469.4 | L44: =+L49 -> 7451141.5 | ... FP44: =+FP49 -> 0
B45: Industria Minera | C45: =C50 -> 948326.58 | E45: =+E50 -> 1242603.8 | F45: =+F50 -> 1151175.8 | G45: =+G50 -> 1250919.4 | H45: =+H50 -> 1214165 | I45: =+I50 -> 1226111.6 | J45: =+J50 -> 1198293.5 | K45: =+K50 -> 1250368.3 | L45: =+L50 -> 1209182.9 | ... FP45: =+FP50 -> 0
B46: Electricidad, agua y suministro de gas por ductos al consumidor fina | C46: =C54 -> 456907.22 | E46: =+E54 -> 379921.22 | F46: =+F54 -> 366679.16 | G46: =+G54 -> 378023.32 | H46: =+H54 -> 390196.19 | I46: =+I54 -> 414357.49 | J46: =+J54 -> 420011.11 | K46: =+K54 -> 431134.41 | L46: =+L54 -> 436035.73 | ... FP46: =+FP54 -> 0
B47: Construcción | C47: =C56 -> 1460789.5 | E47: =+E56 -> 1265133.1 | F47: =+F56 -> 1375513.4 | G47: =+G56 -> 1271532.8 | H47: =+H56 -> 1336482.3 | I47: =+I56 -> 1403383.8 | J47: =+J56 -> 1264211.2 | K47: =+K56 -> 1370901.3 | L47: =+L56 -> 1355573.8 | ... FP47: =+FP56 -> 0
B48: Total industrias manufactureras | C48: =C60 -> 4881116.4 | E48: =+E60 -> 4223884.8 | F48: =+F60 -> 4140721.4 | G48: =+G60 -> 4262644.5 | H48: =+H60 -> 4435790.3 | I48: =+I60 -> 4451598.7 | J48: =+J60 -> 4345575.1 | K48: =+K60 -> 4417065.4 | L48: =+L60 -> 4450349 | ... FP48: =+FP60 -> 0
B49: ACTIVIDAD INDUSTRIAL | C49: =C50+C54+C56+C60 -> 7747139.7 | E49: =(E7/100)*$C7 -> 7111542.9 | F49: =(F7/100)*$C7 -> 7034089.7 | G49: =(G7/100)*$C7 -> 7163120 | H49: =(H7/100)*$C7 -> 7376633.8 | I49: =(I7/100)*$C7 -> 7495451.5 | J49: =(J7/100)*$C7 -> 7228090.9 | K49: =(K7/100)*$C7 -> 7469469.4 | L49: =(L7/100)*$C7 -> 7451141.5 | ... FP49: =(FP7/100)*$C7 -> 0
B50: Industria Minera | C50: =SUM(C51:C53) -> 948326.58 | E50: =(E8/100)*$C8 -> 1242603.8 | F50: =(F8/100)*$C8 -> 1151175.8 | G50: =(G8/100)*$C8 -> 1250919.4 | H50: =(H8/100)*$C8 -> 1214165 | I50: =(I8/100)*$C8 -> 1226111.6 | J50: =(J8/100)*$C8 -> 1198293.5 | K50: =(K8/100)*$C8 -> 1250368.3 | L50: =(L8/100)*$C8 -> 1209182.9 | ... FP50: =(FP8/100)*$C8 -> 0
B51: Extracción de petróleo y gas | C51: =Ponderadores!B7 -> 621540.6 | E51: =(E9/100)*$C9 -> 908660.79 | F51: =(F9/100)*$C9 -> 816411.8 | G51: =(G9/100)*$C9 -> 890897.29 | H51: =(H9/100)*$C9 -> 860136.45 | I51: =(I9/100)*$C9 -> 886960.16 | J51: =(J9/100)*$C9 -> 861560.69 | K51: =(K9/100)*$C9 -> 878338.03 | L51: =(L9/100)*$C9 -> 887739.27 | ... FP51: =(FP9/100)*$C9 -> 0
B52: Minería de minerales metálicos y no metálicos excepto petróleo y gas, y servicios relacionados | C52: =Ponderadores!B8 -> 265067.55 | E52: =(E10/100)*$C10 -> 271520.43 | F52: =(F10/100)*$C10 -> 260923.09 | G52: =(G10/100)*$C10 -> 271926.22 | H52: =(H10/100)*$C10 -> 269685.24 | I52: =(I10/100)*$C10 -> 273853.97 | J52: =(J10/100)*$C10 -> 258338.63 | K52: =(K10/100)*$C10 -> 253102.59 | L52: =(L10/100)*$C10 -> 252252.89 | ... FP52: =(FP10/100)*$C10 -> 0
B53: Servicios relacionados con la minería | C53: =Ponderadores!B9 -> 61718.433 | E53: =(E11/100)*$C11 -> 62422.628 | F53: =(F11/100)*$C11 -> 73840.87 | G53: =(G11/100)*$C11 -> 88095.853 | H53: =(H11/100)*$C11 -> 84343.312 | I53: =(I11/100)*$C11 -> 65297.471 | J53: =(J11/100)*$C11 -> 78394.172 | K53: =(K11/100)*$C11 -> 118927.65 | L53: =(L11/100)*$C11 -> 69190.732 | ... FP53: =(FP11/100)*$C11 -> 0
B54: Electricidad, agua y suministro de gas por ductos al consumidor fina | C54: =SUM(C55:C55) -> 456907.22 | E54: =(E12/100)*$C12 -> 379921.22 | F54: =(F12/100)*$C12 -> 366679.16 | G54: =(G12/100)*$C12 -> 378023.32 | H54: =(H12/100)*$C12 -> 390196.19 | I54: =(I12/100)*$C12 -> 414357.49 | J54: =(J12/100)*$C12 -> 420011.11 | K54: =(K12/100)*$C12 -> 431134.41 | L54: =(L12/100)*$C12 -> 436035.73 | ... FP54: =(FP12/100)*$C12 -> 0
B55: Generación, transmisión y suministro de energía eléctrica | C55: =Ponderadores!B11 -> 456907.22 | E55: =(E13/100)*$C13 -> 379921.22 | F55: =(F13/100)*$C13 -> 366679.16 | G55: =(G13/100)*$C13 -> 378023.32 | H55: =(H13/100)*$C13 -> 390196.19 | I55: =(I13/100)*$C13 -> 414357.49 | J55: =(J13/100)*$C13 -> 420011.11 | K55: =(K13/100)*$C13 -> 431134.41 | L55: =(L13/100)*$C13 -> 436035.73 | ... FP55: =(FP13/100)*$C13 -> 0
B56: Construcción | C56: =SUM(C57:C59) -> 1460789.5 | E56: =(E14/100)*$C14 -> 1265133.1 | F56: =(F14/100)*$C14 -> 1375513.4 | G56: =(G14/100)*$C14 -> 1271532.8 | H56: =(H14/100)*$C14 -> 1336482.3 | I56: =(I14/100)*$C14 -> 1403383.8 | J56: =(J14/100)*$C14 -> 1264211.2 | K56: =(K14/100)*$C14 -> 1370901.3 | L56: =(L14/100)*$C14 -> 1355573.8 | ... FP56: =(FP14/100)*$C14 -> 0
B57: Edificación | C57: =Ponderadores!B14 -> 1064926.3 | E57: =(E15/100)*$C15 -> 865521.83 | F57: =(F15/100)*$C15 -> 999747.3 | G57: =(G15/100)*$C15 -> 890200.16 | H57: =(H15/100)*$C15 -> 943636.66 | I57: =(I15/100)*$C15 -> 986028.67 | J57: =(J15/100)*$C15 -> 843093.4 | K57: =(K15/100)*$C15 -> 910421.47 | L57: =(L15/100)*$C15 -> 934428.2 | ... FP57: =(FP15/100)*$C15 -> 0
B58: Construcción de obras de ingeniería civil u obra pesada | C58: =Ponderadores!B15 -> 214062.02 | E58: =(E16/100)*$C16 -> 270817.59 | F58: =(F16/100)*$C16 -> 253509.76 | G58: =(G16/100)*$C16 -> 252754.14 | H58: =(H16/100)*$C16 -> 265049.56 | I58: =(I16/100)*$C16 -> 282958.9 | J58: =(J16/100)*$C16 -> 293317.11 | K58: =(K16/100)*$C16 -> 328429.21 | L58: =(L16/100)*$C16 -> 289039.23 | ... FP58: =(FP16/100)*$C16 -> 0
B59: Trabajos especializados para la construcción | C59: =Ponderadores!B16 -> 181801.25 | E59: =(E17/100)*$C17 -> 128793.66 | F59: =(F17/100)*$C17 -> 122256.32 | G59: =(G17/100)*$C17 -> 128578.53 | H59: =(H17/100)*$C17 -> 127796.05 | I59: =(I17/100)*$C17 -> 134396.18 | J59: =(J17/100)*$C17 -> 127800.68 | K59: =(K17/100)*$C17 -> 132050.64 | L59: =(L17/100)*$C17 -> 132106.41 | ... FP59: =(FP17/100)*$C17 -> 0
B60: Total industrias manufactureras | C60: =SUM(C61:C81) -> 4881116.4 | E60: =(E18/100)*$C18 -> 4223884.8 | F60: =(F18/100)*$C18 -> 4140721.4 | G60: =(G18/100)*$C18 -> 4262644.5 | H60: =(H18/100)*$C18 -> 4435790.3 | I60: =(I18/100)*$C18 -> 4451598.7 | J60: =(J18/100)*$C18 -> 4345575.1 | K60: =(K18/100)*$C18 -> 4417065.4 | L60: =(L18/100)*$C18 -> 4450349 | ... FP60: =(FP18/100)*$C18 -> 0
B61: Industria alimentaria | C61: =Ponderadores!B18 -> 911713.77 | E61: =(E19/100)*$C19 -> 844202.21 | F61: =(F19/100)*$C19 -> 823081.17 | G61: =(G19/100)*$C19 -> 842909.55 | H61: =(H19/100)*$C19 -> 841696.27 | I61: =(I19/100)*$C19 -> 823911.18 | J61: =(J19/100)*$C19 -> 775114.25 | K61: =(K19/100)*$C19 -> 794782.14 | L61: =(L19/100)*$C19 -> 808006.58 | ... FP61: =(FP19/100)*$C19 -> 0
B62: Industria de las bebidas y del tabaco | C62: =Ponderadores!B19 -> 240174.37 | E62: =(E20/100)*$C20 -> 179170.05 | F62: =(F20/100)*$C20 -> 174003.92 | G62: =(G20/100)*$C20 -> 192253.5 | H62: =(H20/100)*$C20 -> 205132.79 | I62: =(I20/100)*$C20 -> 210844.94 | J62: =(J20/100)*$C20 -> 201679.32 | K62: =(K20/100)*$C20 -> 208738.01 | L62: =(L20/100)*$C20 -> 215498.12 | ... FP62: =(FP20/100)*$C20 -> 0
B63: Fabricación de insumos textiles | C63: =Ponderadores!B20 -> 32513.579 | E63: =(E21/100)*$C21 -> 29714.682 | F63: =(F21/100)*$C21 -> 30608.914 | G63: =(G21/100)*$C21 -> 29877.654 | H63: =(H21/100)*$C21 -> 31481.507 | I63: =(I21/100)*$C21 -> 30100.15 | J63: =(J21/100)*$C21 -> 31025.814 | K63: =(K21/100)*$C21 -> 32015.526 | L63: =(L21/100)*$C21 -> 32306.97 | ... FP63: =(FP21/100)*$C21 -> 0
B64: Confección de productos textiles, excepto prendas de vestir | C64: =Ponderadores!B21 -> 17328.629 | E64: =(E22/100)*$C22 -> 13380.563 | F64: =(F22/100)*$C22 -> 14625.397 | G64: =(G22/100)*$C22 -> 14179.253 | H64: =(H22/100)*$C22 -> 17021.002 | I64: =(I22/100)*$C22 -> 16755.756 | J64: =(J22/100)*$C22 -> 15865.045 | K64: =(K22/100)*$C22 -> 16302.721 | L64: =(L22/100)*$C22 -> 17082.007 | ... FP64: =(FP22/100)*$C22 -> 0
B65: Fabricación de prendas de vestir | C65: =Ponderadores!B22 -> 71182.811 | E65: =(E23/100)*$C23 -> 57375.74 | F65: =(F23/100)*$C23 -> 61345.329 | G65: =(G23/100)*$C23 -> 60932.573 | H65: =(H23/100)*$C23 -> 65209.57 | I65: =(I23/100)*$C23 -> 63890.182 | J65: =(J23/100)*$C23 -> 65118.367 | K65: =(K23/100)*$C23 -> 73062.035 | L65: =(L23/100)*$C23 -> 70805.651 | ... FP65: =(FP23/100)*$C23 -> 0
B66: Fabricación de productos de cuero, piel y materiales sucedáneos, excepto prendas de vestir | C66: =Ponderadores!B23 -> 31436.957 | E66: =(E24/100)*$C24 -> 31631.086 | F66: =(F24/100)*$C24 -> 31296.821 | G66: =(G24/100)*$C24 -> 32586.649 | H66: =(H24/100)*$C24 -> 32177.744 | I66: =(I24/100)*$C24 -> 33289.167 | J66: =(J24/100)*$C24 -> 32677.97 | K66: =(K24/100)*$C24 -> 33989.19 | L66: =(L24/100)*$C24 -> 32667.649 | ... FP66: =(FP24/100)*$C24 -> 0
B67: Industria de la madera | C67: =Ponderadores!B24 -> 38837.812 | E67: =(E25/100)*$C25 -> 35124.973 | F67: =(F25/100)*$C25 -> 36343.274 | G67: =(G25/100)*$C25 -> 39977.984 | H67: =(H25/100)*$C25 -> 40732.635 | I67: =(I25/100)*$C25 -> 38983.556 | J67: =(J25/100)*$C25 -> 42908.812 | K67: =(K25/100)*$C25 -> 39205.474 | L67: =(L25/100)*$C25 -> 41019.402 | ... FP67: =(FP25/100)*$C25 -> 0
B68: Industria del papel | C68: =Ponderadores!B25 -> 101611.97 | E68: =(E26/100)*$C26 -> 83299.234 | F68: =(F26/100)*$C26 -> 79222.519 | G68: =(G26/100)*$C26 -> 83588.92 | H68: =(H26/100)*$C26 -> 85286.777 | I68: =(I26/100)*$C26 -> 82941.827 | J68: =(J26/100)*$C26 -> 80415.635 | K68: =(K26/100)*$C26 -> 84382.975 | L68: =(L26/100)*$C26 -> 83455.15 | ... FP68: =(FP26/100)*$C26 -> 0
B69: Impresión e industrias conexas | C69: =Ponderadores!B26 -> 24643.809 | E69: =(E27/100)*$C27 -> 17731.248 | F69: =(F27/100)*$C27 -> 19535.32 | G69: =(G27/100)*$C27 -> 20795.315 | H69: =(H27/100)*$C27 -> 21673.142 | I69: =(I27/100)*$C27 -> 21602.963 | J69: =(J27/100)*$C27 -> 21899.568 | K69: =(K27/100)*$C27 -> 21175.758 | L69: =(L27/100)*$C27 -> 22335.174 | ... FP69: =(FP27/100)*$C27 -> 0
B70: Fabricación de productos derivados del petróleo y del carbón | C70: =Ponderadores!B27 -> 164436.95 | E70: =(E28/100)*$C28 -> 319337.15 | F70: =(F28/100)*$C28 -> 290752.73 | G70: =(G28/100)*$C28 -> 321426.2 | H70: =(H28/100)*$C28 -> 334282.11 | I70: =(I28/100)*$C28 -> 356394.85 | J70: =(J28/100)*$C28 -> 336310.01 | K70: =(K28/100)*$C28 -> 330686.19 | L70: =(L28/100)*$C28 -> 330179.04 | ... FP70: =(FP28/100)*$C28 -> 0
B71: Industria química | C71: =Ponderadores!B28 -> 356405.6 | E71: =(E29/100)*$C29 -> 362694.09 | F71: =(F29/100)*$C29 -> 342297.59 | G71: =(G29/100)*$C29 -> 364666.34 | H71: =(H29/100)*$C29 -> 368400.93 | I71: =(I29/100)*$C29 -> 383667.57 | J71: =(J29/100)*$C29 -> 388432.23 | K71: =(K29/100)*$C29 -> 392907.85 | L71: =(L29/100)*$C29 -> 387770.29 | ... FP71: =(FP29/100)*$C29 -> 0
B72: Industria del plástico y del hule | C72: =Ponderadores!B29 -> 151603.43 | E72: =(E30/100)*$C30 -> 124659.71 | F72: =(F30/100)*$C30 -> 123393.76 | G72: =(G30/100)*$C30 -> 125165.22 | H72: =(H30/100)*$C30 -> 129465.85 | I72: =(I30/100)*$C30 -> 132373.43 | J72: =(J30/100)*$C30 -> 128475.01 | K72: =(K30/100)*$C30 -> 132961.46 | L72: =(L30/100)*$C30 -> 128701.56 | ... FP72: =(FP30/100)*$C30 -> 0
... B81: Otras industrias manufactureras | C81: =Ponderadores!B38 -> 132857.27 | E81: =(E39/100)*$C39 -> 93890.681 | F81: =(F39/100)*$C39 -> 92333.311 | G81: =(G39/100)*$C39 -> 95621.82 | H81: =(H39/100)*$C39 -> 101005.08 | I81: =(I39/100)*$C39 -> 101277.85 | J81: =(J39/100)*$C39 -> 109377.33 | K81: =(K39/100)*$C39 -> 99624.614 | L81: =(L39/100)*$C39 -> 100079.14 | ... FP81: =(FP39/100)*$C39 -> 0
B82: Manufacturas sin equipo de transporte | C82: =Ponderadores!C17 -> 3712615.6 | E82: =(E40/100)*$C40 -> 3442101.9 | F82: =(F40/100)*$C40 -> 3343993.2 | G82: =(G40/100)*$C40 -> 3456018.1 | H82: =(H40/100)*$C40 -> 3582613 | I82: =(I40/100)*$C40 -> 3604349.4 | J82: =(J40/100)*$C40 -> 3474075.4 | K82: =(K40/100)*$C40 -> 3558715.6 | L82: =(L40/100)*$C40 -> 3567839.3 | ... FP82: =(FP40/100)*$C40 -> 0
B85: ESTRUCTURA PORCENTUAL | E85: =+E5 -> 41275 | F85: =+F5 -> 41306 | G85: =+G5 -> 41334 | H85: =+H5 -> 41365 | I85: =+I5 -> 41395 | J85: =+J5 -> 41426 | K85: =+K5 -> 41456 | L85: =+L5 -> 41487 | ... FP85: =+FP5 -> 46357
B86: SERIES ORIGINALES | C86: PIB 2018
B87: ACTIVIDAD INDUSTRIAL | E87: =+E44/E$44*100 -> 100 | F87: =+F44/F$44*100 -> 100 | G87: =+G44/G$44*100 -> 100 | H87: =+H44/H$44*100 -> 100 | I87: =+I44/I$44*100 -> 100 | J87: =+J44/J$44*100 -> 100 | K87: =+K44/K$44*100 -> 100 | L87: =+L44/L$44*100 -> 100 | ... FP87: =+FP44/FP$44*100 -> #DIV/0!
B88: Industria Minera | E88: =+E45/E$44*100 -> 17.473056 | F88: =+F45/F$44*100 -> 16.365668 | G88: =+G45/G$44*100 -> 17.463331 | H88: =+H45/H$44*100 -> 16.459608 | I88: =+I45/I$44*100 -> 16.358075 | J88: =+J45/J$44*100 -> 16.578285 | K88: =+K45/K$44*100 -> 16.73972 | L88: =+L45/L$44*100 -> 16.228156 | ... FP88: =+FP45/FP$44*100 -> #DIV/0!
B89: Electricidad, agua y suministro de gas por ductos al consumidor fina | E89: =+E46/E$44*100 -> 5.3423177 | F89: =+F46/F$44*100 -> 5.2128872 | G89: =+G46/G$44*100 -> 5.2773556 | H89: =+H46/H$44*100 -> 5.289624 | I89: =+I46/I$44*100 -> 5.5281191 | J89: =+J46/J$44*100 -> 5.8108166 | K89: =+K46/K$44*100 -> 5.7719549 | L89: =+L46/L$44*100 -> 5.8519319 | ... FP89: =+FP46/FP$44*100 -> #DIV/0!
B90: Construcción | E90: =+E47/E$44*100 -> 17.789854 | F90: =+F47/F$44*100 -> 19.554959 | G90: =+G47/G$44*100 -> 17.751103 | H90: =+H47/H$44*100 -> 18.11778 | I90: =+I47/I$44*100 -> 18.723138 | J90: =+J47/J$44*100 -> 17.49025 | K90: =+K47/K$44*100 -> 18.353396 | L90: =+L47/L$44*100 -> 18.192835 | ... FP90: =+FP47/FP$44*100 -> #DIV/0!
B91: Total industrias manufactureras | E91: =+E48/E$44*100 -> 59.394773 | F91: =+F48/F$44*100 -> 58.866485 | G91: =+G48/G$44*100 -> 59.50821 | H91: =+H48/H$44*100 -> 60.132988 | I91: =+I48/I$44*100 -> 59.390667 | J91: =+J48/J$44*100 -> 60.120648 | K91: =+K48/K$44*100 -> 59.134929 | L91: =+L48/L$44*100 -> 59.727077 | ... FP91: =+FP48/FP$44*100 -> #DIV/0!
B92: ACTIVIDAD INDUSTRIAL
B93: Industria Minera | E93: =+E50/E$50*100 -> 100 | F93: =+F50/F$50*100 -> 100 | G93: =+G50/G$50*100 -> 100 | H93: =+H50/H$50*100 -> 100 | I93: =+I50/I$50*100 -> 100 | J93: =+J50/J$50*100 -> 100 | K93: =+K50/K$50*100 -> 100 | L93: =+L50/L$50*100 -> 100 | ... FP93: =+FP50/FP$50*100 -> #DIV/0!
B94: Extracción de petróleo y gas | E94: =+E51/E$50*100 -> 73.125541 | F94: =+F51/F$50*100 -> 70.919822 | G94: =+G51/G$50*100 -> 71.219402 | H94: =+H51/H$50*100 -> 70.841809 | I94: =+I51/I$50*100 -> 72.339269 | J94: =+J51/J$50*100 -> 71.898971 | K94: =+K51/K$50*100 -> 70.246347 | L94: =+L51/L$50*100 -> 73.41646 | ... FP94: =+FP51/FP$50*100 -> #DIV/0!
B95: Minería de minerales metálicos y no metálicos excepto petróleo y gas, y servicios relacionados | E95: =+E52/E$50*100 -> 21.850924 | F95: =+F52/F$50*100 -> 22.665791 | G95: =+G52/G$50*100 -> 21.738109 | H95: =+H52/H$50*100 -> 22.211581 | I95: =+I52/I$50*100 -> 22.335158 | J95: =+J52/J$50*100 -> 21.558878 | K95: =+K52/K$50*100 -> 20.242243 | L95: =+L52/L$50*100 -> 20.861434 | ... FP95: =+FP52/FP$50*100 -> #DIV/0!
B96: Servicios relacionados con la minería | E96: =+E53/E$50*100 -> 5.0235341 | F96: =+F53/F$50*100 -> 6.4143871 | G96: =+G53/G$50*100 -> 7.0424885 | H96: =+H53/H$50*100 -> 6.9466103 | I96: =+I53/I$50*100 -> 5.3255732 | J96: =+J53/J$50*100 -> 6.5421512 | K96: =+K53/K$50*100 -> 9.5114097 | L96: =+L53/L$50*100 -> 5.7221064 | ... FP96: =+FP53/FP$50*100 -> #DIV/0!
B97: Electricidad, agua y suministro de gas por ductos al consumidor fina | E97: =+E54/E$54*100 -> 100 | F97: =+F54/F$54*100 -> 100 | G97: =+G54/G$54*100 -> 100 | H97: =+H54/H$54*100 -> 100 | I97: =+I54/I$54*100 -> 100 | J97: =+J54/J$54*100 -> 100 | K97: =+K54/K$54*100 -> 100 | L97: =+L54/L$54*100 -> 100 | ... FP97: =+FP54/FP$54*100 -> #DIV/0!
B98: Generación, transmisión y suministro de energía eléctrica | E98: =+E55/E$54*100 -> 100 | F98: =+F55/F$54*100 -> 100 | G98: =+G55/G$54*100 -> 100 | H98: =+H55/H$54*100 -> 100 | I98: =+I55/I$54*100 -> 100 | J98: =+J55/J$54*100 -> 100 | K98: =+K55/K$54*100 -> 100 | L98: =+L55/L$54*100 -> 100 | ... FP98: =+FP55/FP$54*100 -> #DIV/0!
B99: Construcción | E99: =+E56/E$56*100 -> 100 | F99: =+F56/F$56*100 -> 100 | G99: =+G56/G$56*100 -> 100 | H99: =+H56/H$56*100 -> 100 | I99: =+I56/I$56*100 -> 100 | J99: =+J56/J$56*100 -> 100 | K99: =+K56/K$56*100 -> 100 | L99: =+L56/L$56*100 -> 100 | ... FP99: =+FP56/FP$56*100 -> #DIV/0!
B100: Edificación | E100: =+E57/E$56*100 -> 68.413501 | F100: =+F57/F$56*100 -> 72.681758 | G100: =+G57/G$56*100 -> 70.010002 | H100: =+H57/H$56*100 -> 70.605999 | I100: =+I57/I$56*100 -> 70.260801 | J100: =+J57/J$56*100 -> 66.689285 | K100: =+K57/K$56*100 -> 66.410431 | L100: =+L57/L$56*100 -> 68.932298 | ... FP100: =+FP57/FP$56*100 -> #DIV/0!
B101: Construcción de obras de ingeniería civil u obra pesada | E101: =+E58/E$56*100 -> 21.406253 | F101: =+F58/F$56*100 -> 18.430192 | G101: =+G58/G$56*100 -> 19.877909 | H101: =+H58/H$56*100 -> 19.83188 | I101: =+I58/I$56*100 -> 20.162618 | J101: =+J58/J$56*100 -> 23.201591 | K101: =+K58/K$56*100 -> 23.957174 | L101: =+L58/L$56*100 -> 21.322279 | ... FP101: =+FP58/FP$56*100 -> #DIV/0!
B102: Trabajos especializados para la construcción | E102: =+E59/E$56*100 -> 10.180246 | F102: =+F59/F$56*100 -> 8.88805 | G102: =+G59/G$56*100 -> 10.112089 | H102: =+H59/H$56*100 -> 9.5621212 | I102: =+I59/I$56*100 -> 9.5765811 | J102: =+J59/J$56*100 -> 10.109124 | K102: =+K59/K$56*100 -> 9.6323958 | L102: =+L59/L$56*100 -> 9.7454236 | ... FP102: =+FP59/FP$56*100 -> #DIV/0!
B103: Total industrias manufactureras | E103: =+E60/E$60*100 -> 100 | F103: =+F60/F$60*100 -> 100 | G103: =+G60/G$60*100 -> 100 | H103: =+H60/H$60*100 -> 100 | I103: =+I60/I$60*100 -> 100 | J103: =+J60/J$60*100 -> 100 | K103: =+K60/K$60*100 -> 100 | L103: =+L60/L$60*100 -> 100 | ... FP103: =+FP60/FP$60*100 -> #DIV/0!
B104: Industria alimentaria | E104: =+E61/E$60*100 -> 19.986393 | F104: =+F61/F$60*100 -> 19.877724 | G104: =+G61/G$60*100 -> 19.774334 | H104: =+H61/H$60*100 -> 18.975114 | I104: =+I61/I$60*100 -> 18.508209 | J104: =+J61/J$60*100 -> 17.836862 | K104: =+K61/K$60*100 -> 17.993443 | L104: =+L61/L$60*100 -> 18.156027 | ... FP104: =+FP61/FP$60*100 -> #DIV/0!
B105: Industria de las bebidas y del tabaco | E105: =+E62/E$60*100 -> 4.2418309 | F105: =+F62/F$60*100 -> 4.202261 | G105: =+G62/G$60*100 -> 4.510193 | H105: =+H62/H$60*100 -> 4.6244924 | I105: =+I62/I$60*100 -> 4.7363869 | J105: =+J62/J$60*100 -> 4.6410272 | K105: =+K62/K$60*100 -> 4.7257171 | L105: =+L62/L$60*100 -> 4.8422746 | ... FP105: =+FP62/FP$60*100 -> #DIV/0!
B106: Fabricación de insumos textiles | E106: =+E63/E$60*100 -> 0.70349177 | F106: =+F63/F$60*100 -> 0.73921693 | G106: =+G63/G$60*100 -> 0.70091825 | H106: =+H63/H$60*100 -> 0.70971585 | I106: =+I63/I$60*100 -> 0.67616495 | J106: =+J63/J$60*100 -> 0.71396337 | K106: =+K63/K$60*100 -> 0.72481441 | L106: =+L63/L$60*100 -> 0.72594238 | ... FP106: =+FP63/FP$60*100 -> #DIV/0!
B107: Confección de productos textiles, excepto prendas de vestir | E107: =+E64/E$60*100 -> 0.31678333 | F107: =+F64/F$60*100 -> 0.35320892 | G107: =+G64/G$60*100 -> 0.33263982 | H107: =+H64/H$60*100 -> 0.38371972 | I107: =+I64/I$60*100 -> 0.37639861 | J107: =+J64/J$60*100 -> 0.36508504 | K107: =+K64/K$60*100 -> 0.36908489 | L107: =+L64/L$60*100 -> 0.38383521 | ... FP107: =+FP64/FP$60*100 -> #DIV/0!
B108: Fabricación de prendas de vestir | E108: =+E65/E$60*100 -> 1.3583642 | F108: =+F65/F$60*100 -> 1.4815131 | G108: =+G65/G$60*100 -> 1.4294547 | H108: =+H65/H$60*100 -> 1.4700778 | I108: =+I65/I$60*100 -> 1.4352188 | J108: =+J65/J$60*100 -> 1.4984983 | K108: =+K65/K$60*100 -> 1.6540854 | L108: =+L65/L$60*100 -> 1.5910134 | ... FP108: =+FP65/FP$60*100 -> #DIV/0!
B109: Fabricación de productos de cuero, piel y materiales sucedáneos, excepto prendas de vestir | E109: =+E66/E$60*100 -> 0.74886242 | F109: =+F66/F$60*100 -> 0.75583017 | G109: =+G66/G$60*100 -> 0.76447025 | H109: =+H66/H$60*100 -> 0.72541174 | I109: =+I66/I$60*100 -> 0.74780251 | J109: =+J66/J$60*100 -> 0.75198264 | K109: =+K66/K$60*100 -> 0.76949711 | L109: =+L66/L$60*100 -> 0.73404689 | ... FP109: =+FP66/FP$60*100 -> #DIV/0!
B110: Industria de la madera | E110: =+E67/E$60*100 -> 0.83157981 | F110: =+F67/F$60*100 -> 0.87770392 | G110: =+G67/G$60*100 -> 0.93786811 | H110: =+H67/H$60*100 -> 0.91827232 | I110: =+I67/I$60*100 -> 0.87572036 | J110: =+J67/J$60*100 -> 0.98741389 | K110: =+K67/K$60*100 -> 0.88759099 | L110: =+L67/L$60*100 -> 0.92171202 | ... FP110: =+FP67/FP$60*100 -> #DIV/0!
B111: Industria del papel | E111: =+E68/E$60*100 -> 1.9721001 | F111: =+F68/F$60*100 -> 1.9132541 | G111: =+G68/G$60*100 -> 1.9609639 | H111: =+H68/H$60*100 -> 1.9226963 | I111: =+I68/I$60*100 -> 1.8631919 | J111: =+J68/J$60*100 -> 1.8505177 | K111: =+K68/K$60*100 -> 1.9103855 | L111: =+L68/L$60*100 -> 1.8752495 | ... FP111: =+FP68/FP$60*100 -> #DIV/0!
B112: Impresión e industrias conexas | E112: =+E69/E$60*100 -> 0.41978532 | F112: =+F69/F$60*100 -> 0.47178542 | G112: =+G69/G$60*100 -> 0.48785008 | H112: =+H69/H$60*100 -> 0.48859708 | I112: =+I69/I$60*100 -> 0.48528549 | J112: =+J69/J$60*100 -> 0.50395097 | K112: =+K69/K$60*100 -> 0.47940786 | L112: =+L69/L$60*100 -> 0.50187465 | ... FP112: =+FP69/FP$60*100 -> #DIV/0!
B113: Fabricación de productos derivados del petróleo y del carbón | E113: =+E70/E$60*100 -> 7.5602714 | F113: =+F70/F$60*100 -> 7.0217893 | G113: =+G70/G$60*100 -> 7.540535 | H113: =+H70/H$60*100 -> 7.5360214 | I113: =+I70/I$60*100 -> 8.0059969 | J113: =+J70/J$60*100 -> 7.7391371 | K113: =+K70/K$60*100 -> 7.4865587 | L113: =+L70/L$60*100 -> 7.4191717 | ... FP113: =+FP70/FP$60*100 -> #DIV/0!
B114: Industria química | E114: =+E71/E$60*100 -> 8.5867422 | F114: =+F71/F$60*100 -> 8.2666174 | G114: =+G71/G$60*100 -> 8.554932 | H114: =+H71/H$60*100 -> 8.3051927 | I114: =+I71/I$60*100 -> 8.6186469 | J114: =+J71/J$60*100 -> 8.9385692 | K114: =+K71/K$60*100 -> 8.8952237 | L114: =+L71/L$60*100 -> 8.7132558 | ... FP114: =+FP71/FP$60*100 -> #DIV/0!
... B125: Manufacturas sin equipo de transporte | E125: =+E82/E$60*100 -> 81.491379 | F125: =+F82/F$60*100 -> 80.758711 | G125: =+G82/G$60*100 -> 81.076855 | H125: =+H82/H$60*100 -> 80.766059 | I125: =+I82/I$60*100 -> 80.967526 | J125: =+J82/J$60*100 -> 79.945124 | K125: =+K82/K$60*100 -> 80.56742 | L125: =+L82/L$60*100 -> 80.169876 | ... FP125: =+FP82/FP$60*100 -> #DIV/0!
B126: Manufacturas sin equipo de transporte | E126: =+E82/E$82*100 -> 100 | F126: =+F82/F$82*100 -> 100 | G126: =+G82/G$82*100 -> 100 | H126: =+H82/H$82*100 -> 100 | I126: =+I82/I$82*100 -> 100 | J126: =+J82/J$82*100 -> 100 | K126: =+K82/K$82*100 -> 100 | L126: =+L82/L$82*100 -> 100 | ... FP126: =+FP82/FP$82*100 -> #DIV/0!
B127: Industria alimentaria | E127: =+E61/E$82*100 -> 24.525776 | F127: =+F61/F$82*100 -> 24.613721 | G127: =+G61/G$82*100 -> 24.389616 | H127: =+H61/H$82*100 -> 23.493921 | I127: =+I61/I$82*100 -> 22.858805 | J127: =+J61/J$82*100 -> 22.311382 | K127: =+K61/K$82*100 -> 22.333398 | L127: =+L61/L$82*100 -> 22.646944 | ... FP127: =+FP61/FP$82*100 -> #DIV/0!
B128: Industria de las bebidas y del tabaco | E128: =+E62/E$82*100 -> 5.2052512 | F128: =+F62/F$82*100 -> 5.203477 | G128: =+G62/G$82*100 -> 5.5628613 | H128: =+H62/H$82*100 -> 5.7257869 | I128: =+I62/I$82*100 -> 5.8497365 | J128: =+J62/J$82*100 -> 5.8052661 | K128: =+K62/K$82*100 -> 5.8655435 | L128: =+L62/L$82*100 -> 6.0400175 | ... FP128: =+FP62/FP$82*100 -> #DIV/0!
B129: Fabricación de insumos textiles | E129: =+E63/E$82*100 -> 0.8632714 | F129: =+F63/F$82*100 -> 0.91534018 | G129: =+G63/G$82*100 -> 0.8645109 | H129: =+H63/H$82*100 -> 0.87873033 | I129: =+I63/I$82*100 -> 0.83510634 | J129: =+J63/J$82*100 -> 0.89306681 | K129: =+K63/K$82*100 -> 0.89963711 | L129: =+L63/L$82*100 -> 0.90550518 | ... FP129: =+FP63/FP$82*100 -> #DIV/0!
B130: Confección de productos textiles, excepto prendas de vestir | E130: =+E64/E$82*100 -> 0.38873232 | F130: =+F64/F$82*100 -> 0.43736325 | G130: =+G64/G$82*100 -> 0.41027716 | H130: =+H64/H$82*100 -> 0.47510021 | I130: =+I64/I$82*100 -> 0.46487602 | J130: =+J64/J$82*100 -> 0.45666955 | K130: =+K64/K$82*100 -> 0.45810688 | L130: =+L64/L$82*100 -> 0.47877736 | ... FP130: =+FP64/FP$82*100 -> #DIV/0!
B131: Fabricación de prendas de vestir | E131: =+E65/E$82*100 -> 1.6668809 | F131: =+F65/F$82*100 -> 1.8344932 | G131: =+G65/G$82*100 -> 1.763086 | H131: =+H65/H$82*100 -> 1.8201679 | I131: =+I65/I$82*100 -> 1.7725857 | J131: =+J65/J$82*100 -> 1.8744086 | K131: =+K65/K$82*100 -> 2.0530451 | L131: =+L65/L$82*100 -> 1.9845527 | ... FP131: =+FP65/FP$82*100 -> #DIV/0!
B132: Fabricación de productos de cuero, piel y materiales sucedáneos, excepto prendas de vestir | E132: =+E66/E$82*100 -> 0.91894681 | F132: =+F66/F$82*100 -> 0.93591162 | G132: =+G66/G$82*100 -> 0.94289579 | H132: =+H66/H$82*100 -> 0.89816409 | I132: =+I66/I$82*100 -> 0.92358324 | J132: =+J66/J$82*100 -> 0.94062352 | K132: =+K66/K$82*100 -> 0.95509712 | L132: =+L66/L$82*100 -> 0.91561435 | ... FP132: =+FP66/FP$82*100 -> #DIV/0!
B133: Industria de la madera | E133: =+E67/E$82*100 -> 1.0204513 | F133: =+F67/F$82*100 -> 1.0868226 | G133: =+G67/G$82*100 -> 1.1567643 | H133: =+H67/H$82*100 -> 1.1369532 | I133: =+I67/I$82*100 -> 1.0815699 | J133: =+J67/J$82*100 -> 1.2351146 | K133: =+K67/K$82*100 -> 1.1016748 | L133: =+L67/L$82*100 -> 1.1496987 | ... FP133: =+FP67/FP$82*100 -> #DIV/0!
B134: Industria del papel | E134: =+E68/E$82*100 -> 2.4200107 | F134: =+F68/F$82*100 -> 2.3690993 | G134: =+G68/G$82*100 -> 2.4186482 | H134: =+H68/H$82*100 -> 2.3805746 | I134: =+I68/I$82*100 -> 2.3011595 | J134: =+J68/J$82*100 -> 2.3147349 | K134: =+K68/K$82*100 -> 2.3711637 | L134: =+L68/L$82*100 -> 2.339095 | ... FP134: =+FP68/FP$82*100 -> #DIV/0!
B135: Impresión e industrias conexas | E135: =+E69/E$82*100 -> 0.5151285 | F135: =+F69/F$82*100 -> 0.58419137 | G135: =+G69/G$82*100 -> 0.60171313 | H135: =+H69/H$82*100 -> 0.60495347 | I135: =+I69/I$82*100 -> 0.59935817 | J135: =+J69/J$82*100 -> 0.63037112 | K135: =+K69/K$82*100 -> 0.59503935 | L135: =+L69/L$82*100 -> 0.626014 | ... FP135: =+FP69/FP$82*100 -> #DIV/0!
B136: Fabricación de productos derivados del petróleo y del carbón | E136: =+E70/E$82*100 -> 9.277388 | F136: =+F70/F$82*100 -> 8.6947763 | G136: =+G70/G$82*100 -> 9.3004779 | H136: =+H70/H$82*100 -> 9.3306787 | I136: =+I70/I$82*100 -> 9.8879109 | J136: =+J70/J$82*100 -> 9.6805617 | K136: =+K70/K$82*100 -> 9.2922905 | L136: =+L70/L$82*100 -> 9.2543136 | ... FP136: =+FP70/FP$82*100 -> #DIV/0!
...

Sheet DContriDES
E1: 2 | F1: =+E1+1 -> 3 | G1: =+F1+1 -> 4 | H1: =+G1+1 -> 5 | I1: =+H1+1 -> 6 | J1: =+I1+1 -> 7 | K1: =+J1+1 -> 8 | L1: =+K1+1 -> 9 | M1: =+L1+1 -> 10 | ... FP1: =+FO1+1 -> 169
B2: Desestacionalizadas
E5: 41275 | F5: =+EDATE(E5,1) -> 41306 | G5: =+EDATE(F5,1) -> 41334 | H5: =+EDATE(G5,1) -> 41365 | I5: =+EDATE(H5,1) -> 41395 | J5: =+EDATE(I5,1) -> 41426 | K5: =+EDATE(J5,1) -> 41456 | L5: =+EDATE(K5,1) -> 41487 | M5: =+EDATE(L5,1) -> 41518 | ... FP5: =+EDATE(FO5,1) -> 46357
B6: SERIES Desestacionalizadas | C6: PIB 2018
A7: B | B7: ACTIVIDAD INDUSTRIAL | C7: =Ponderadores!B5 -> 7747139.7 | E7: =+INDIRECT("DatosDesest!"&$A7&E$1) -> 94.432567 | F7: =+INDIRECT("DatosDesest!"&$A7&F$1) -> 95.132841 | G7: =+INDIRECT("DatosDesest!"&$A7&G$1) -> 94.17289 | H7: =+INDIRECT("DatosDesest!"&$A7&H$1) -> 93.244901 | I7: =+INDIRECT("DatosDesest!"&$A7&I$1) -> 94.808658 | J7: =+INDIRECT("DatosDesest!"&$A7&J$1) -> 93.830366 | K7: =+INDIRECT("DatosDesest!"&$A7&K$1) -> 94.017831 | L7: =+INDIRECT("DatosDesest!"&$A7&L$1) -> 94.899336 | ... FP7: =+INDIRECT("DatosDesest!"&$A7&FP$1) -> 0
A8: C | B8: Industria Minera | C8: =Ponderadores!B6 -> 948326.58 | E8: =+INDIRECT("DatosDesest!"&$A8&E$1) -> 130.99027 | F8: =+INDIRECT("DatosDesest!"&$A8&F$1) -> 129.99533 | G8: =+INDIRECT("DatosDesest!"&$A8&G$1) -> 128.75054 | H8: =+INDIRECT("DatosDesest!"&$A8&H$1) -> 128.2791 | I8: =+INDIRECT("DatosDesest!"&$A8&I$1) -> 127.83353 | J8: =+INDIRECT("DatosDesest!"&$A8&J$1) -> 127.36276 | K8: =+INDIRECT("DatosDesest!"&$A8&K$1) -> 127.66146 | L8: =+INDIRECT("DatosDesest!"&$A8&L$1) -> 127.81061 | ... FP8: =+INDIRECT("DatosDesest!"&$A8&FP$1) -> 0
A9: D | B9: Extracción de petróleo y gas | C9: =Ponderadores!B7 -> 621540.6 | E9: =+INDIRECT("DatosDesest!"&$A9&E$1) -> 142.83464 | F9: =+INDIRECT("DatosDesest!"&$A9&F$1) -> 141.55508 | G9: =+INDIRECT("DatosDesest!"&$A9&G$1) -> 140.32009 | H9: =+INDIRECT("DatosDesest!"&$A9&H$1) -> 140.52773 | I9: =+INDIRECT("DatosDesest!"&$A9&I$1) -> 140.21487 | J9: =+INDIRECT("DatosDesest!"&$A9&J$1) -> 140.73839 | K9: =+INDIRECT("DatosDesest!"&$A9&K$1) -> 139.98234 | L9: =+INDIRECT("DatosDesest!"&$A9&L$1) -> 140.17692 | ... FP9: =+INDIRECT("DatosDesest!"&$A9&FP$1) -> 0
A10: E | B10: Minería de minerales metálicos y no metálicos excepto petróleo y gas, y servicios relacionados | C10: =Ponderadores!B8 -> 265067.55 | E10: =+INDIRECT("DatosDesest!"&$A10&E$1) -> 102.03058 | F10: =+INDIRECT("DatosDesest!"&$A10&F$1) -> 102.44027 | G10: =+INDIRECT("DatosDesest!"&$A10&G$1) -> 101.65472 | H10: =+INDIRECT("DatosDesest!"&$A10&H$1) -> 98.098643 | I10: =+INDIRECT("DatosDesest!"&$A10&I$1) -> 99.171335 | J10: =+INDIRECT("DatosDesest!"&$A10&J$1) -> 96.735838 | K10: =+INDIRECT("DatosDesest!"&$A10&K$1) -> 96.851265 | L10: =+INDIRECT("DatosDesest!"&$A10&L$1) -> 96.625837 | ... FP10: =+INDIRECT("DatosDesest!"&$A10&FP$1) -> 0
A11: F | B11: Servicios relacionados con la minería | C11: =Ponderadores!B9 -> 61718.433 | E11: =+INDIRECT("DatosDesest!"&$A11&E$1) -> 135.85582 | F11: =+INDIRECT("DatosDesest!"&$A11&F$1) -> 123.42153 | G11: =+INDIRECT("DatosDesest!"&$A11&G$1) -> 126.76582 | H11: =+INDIRECT("DatosDesest!"&$A11&H$1) -> 133.76461 | I11: =+INDIRECT("DatosDesest!"&$A11&I$1) -> 125.62589 | J11: =+INDIRECT("DatosDesest!"&$A11&J$1) -> 125.61021 | K11: =+INDIRECT("DatosDesest!"&$A11&K$1) -> 138.60706 | L11: =+INDIRECT("DatosDesest!"&$A11&L$1) -> 139.37159 | ... FP11: =+INDIRECT("DatosDesest!"&$A11&FP$1) -> 0
A12: G | B12: Electricidad, agua y suministro de gas por ductos al consumidor fina | C12: =Ponderadores!B10 -> 456907.22 | E12: =+INDIRECT("DatosDesest!"&$A12&E$1) -> 88.440964 | F12: =+INDIRECT("DatosDesest!"&$A12&F$1) -> 87.985011 | G12: =+INDIRECT("DatosDesest!"&$A12&G$1) -> 86.147293 | H12: =+INDIRECT("DatosDesest!"&$A12&H$1) -> 86.877234 | I12: =+INDIRECT("DatosDesest!"&$A12&I$1) -> 88.692881 | J12: =+INDIRECT("DatosDesest!"&$A12&J$1) -> 87.921468 | K12: =+INDIRECT("DatosDesest!"&$A12&K$1) -> 88.625263 | L12: =+INDIRECT("DatosDesest!"&$A12&L$1) -> 88.685702 | ... FP12: =+INDIRECT("DatosDesest!"&$A12&FP$1) -> 0
A13: H | B13: Generación, transmisión y suministro de energía eléctrica | C13: =Ponderadores!B11 -> 456907.22 | E13: =+INDIRECT("DatosDesest!"&$A13&E$1) -> 88.440964 | F13: =+INDIRECT("DatosDesest!"&$A13&F$1) -> 87.985011 | G13: =+INDIRECT("DatosDesest!"&$A13&G$1) -> 86.147293 | H13: =+INDIRECT("DatosDesest!"&$A13&H$1) -> 86.877234 | I13: =+INDIRECT("DatosDesest!"&$A13&I$1) -> 88.692881 | J13: =+INDIRECT("DatosDesest!"&$A13&J$1) -> 87.921468 | K13: =+INDIRECT("DatosDesest!"&$A13&K$1) -> 88.625263 | L13: =+INDIRECT("DatosDesest!"&$A13&L$1) -> 88.685702 | ... FP13: =+INDIRECT("DatosDesest!"&$A13&FP$1) -> 0
A14: I | B14: Construcción | C14: =Ponderadores!B13 -> 1460789.5 | E14: =+INDIRECT("DatosDesest!"&$A14&E$1) -> 94.279489 | F14: =+INDIRECT("DatosDesest!"&$A14&F$1) -> 95.826107 | G14: =+INDIRECT("DatosDesest!"&$A14&G$1) -> 94.734788 | H14: =+INDIRECT("DatosDesest!"&$A14&H$1) -> 89.359696 | I14: =+INDIRECT("DatosDesest!"&$A14&I$1) -> 95.285614 | J14: =+INDIRECT("DatosDesest!"&$A14&J$1) -> 91.024999 | K14: =+INDIRECT("DatosDesest!"&$A14&K$1) -> 91.73643 | L14: =+INDIRECT("DatosDesest!"&$A14&L$1) -> 93.167978 | ... FP14: =+INDIRECT("DatosDesest!"&$A14&FP$1) -> 0
A15: J | B15: Edificación | C15: =Ponderadores!B14 -> 1064926.3 | E15: =+INDIRECT("DatosDesest!"&$A15&E$1) -> 89.85965 | F15: =+INDIRECT("DatosDesest!"&$A15&F$1) -> 92.315613 | G15: =+INDIRECT("DatosDesest!"&$A15&G$1) -> 89.936718 | H15: =+INDIRECT("DatosDesest!"&$A15&H$1) -> 83.012706 | I15: =+INDIRECT("DatosDesest!"&$A15&I$1) -> 90.660671 | J15: =+INDIRECT("DatosDesest!"&$A15&J$1) -> 84.732038 | K15: =+INDIRECT("DatosDesest!"&$A15&K$1) -> 83.903287 | L15: =+INDIRECT("DatosDesest!"&$A15&L$1) -> 87.41241 | ... FP15: =+INDIRECT("DatosDesest!"&$A15&FP$1) -> 0
A16: K | B16: Construcción de obras de ingeniería civil u obra pesada | C16: =Ponderadores!B15 -> 214062.02 | E16: =+INDIRECT("DatosDesest!"&$A16&E$1) -> 135.60601 | F16: =+INDIRECT("DatosDesest!"&$A16&F$1) -> 135.65409 | G16: =+INDIRECT("DatosDesest!"&$A16&G$1) -> 136.3613 | H16: =+INDIRECT("DatosDesest!"&$A16&H$1) -> 138.8812 | I16: =+INDIRECT("DatosDesest!"&$A16&I$1) -> 140.10135 | J16: =+INDIRECT("DatosDesest!"&$A16&J$1) -> 139.23052 | K16: =+INDIRECT("DatosDesest!"&$A16&K$1) -> 145.7808 | L16: =+INDIRECT("DatosDesest!"&$A16&L$1) -> 138.419 | ... FP16: =+INDIRECT("DatosDesest!"&$A16&FP$1) -> 0
A17: L | B17: Trabajos especializados para la construcción | C17: =Ponderadores!B16 -> 181801.25 | E17: =+INDIRECT("DatosDesest!"&$A17&E$1) -> 71.567383 | F17: =+INDIRECT("DatosDesest!"&$A17&F$1) -> 68.997941 | G17: =+INDIRECT("DatosDesest!"&$A17&G$1) -> 74.046333 | H17: =+INDIRECT("DatosDesest!"&$A17&H$1) -> 70.588302 | I17: =+INDIRECT("DatosDesest!"&$A17&I$1) -> 70.142117 | J17: =+INDIRECT("DatosDesest!"&$A17&J$1) -> 70.951015 | K17: =+INDIRECT("DatosDesest!"&$A17&K$1) -> 72.16343 | L17: =+INDIRECT("DatosDesest!"&$A17&L$1) -> 73.546627 | ... FP17: =+INDIRECT("DatosDesest!"&$A17&FP$1) -> 0
A18: M | B18: Total industrias manufactureras | C18: =Ponderadores!B17 -> 4881116.4 | E18: =+INDIRECT("DatosDesest!"&$A18&E$1) -> 88.108842 | F18: =+INDIRECT("DatosDesest!"&$A18&F$1) -> 88.810366 | G18: =+INDIRECT("DatosDesest!"&$A18&G$1) -> 88.040113 | H18: =+INDIRECT("DatosDesest!"&$A18&H$1) -> 87.974249 | I18: =+INDIRECT("DatosDesest!"&$A18&I$1) -> 88.945476 | J18: =+INDIRECT("DatosDesest!"&$A18&J$1) -> 88.629392 | K18: =+INDIRECT("DatosDesest!"&$A18&K$1) -> 88.750293 | L18: =+INDIRECT("DatosDesest!"&$A18&L$1) -> 89.642139 | ... FP18: =+INDIRECT("DatosDesest!"&$A18&FP$1) -> 0
A19: N | B19: Industria alimentaria | C19: =Ponderadores!B18 -> 911713.77 | E19: =+INDIRECT("DatosDesest!"&$A19&E$1) -> 89.09645 | F19: =+INDIRECT("DatosDesest!"&$A19&F$1) -> 89.684951 | G19: =+INDIRECT("DatosDesest!"&$A19&G$1) -> 89.425953 | H19: =+INDIRECT("DatosDesest!"&$A19&H$1) -> 88.624122 | I19: =+INDIRECT("DatosDesest!"&$A19&I$1) -> 89.388808 | J19: =+INDIRECT("DatosDesest!"&$A19&J$1) -> 89.178151 | K19: =+INDIRECT("DatosDesest!"&$A19&K$1) -> 89.19168 | L19: =+INDIRECT("DatosDesest!"&$A19&L$1) -> 90.382017 | ... FP19: =+INDIRECT("DatosDesest!"&$A19&FP$1) -> 0
A20: O | B20: Industria de las bebidas y del tabaco | C20: =Ponderadores!B19 -> 240174.37 | E20: =+INDIRECT("DatosDesest!"&$A20&E$1) -> 83.939149 | F20: =+INDIRECT("DatosDesest!"&$A20&F$1) -> 84.561677 | G20: =+INDIRECT("DatosDesest!"&$A20&G$1) -> 82.2757 | H20: =+INDIRECT("DatosDesest!"&$A20&H$1) -> 81.397498 | I20: =+INDIRECT("DatosDesest!"&$A20&I$1) -> 80.64495 | J20: =+INDIRECT("DatosDesest!"&$A20&J$1) -> 80.266468 | K20: =+INDIRECT("DatosDesest!"&$A20&K$1) -> 81.193174 | L20: =+INDIRECT("DatosDesest!"&$A20&L$1) -> 83.668046 | ... FP20: =+INDIRECT("DatosDesest!"&$A20&FP$1) -> 0
A21: P | B21: Fabricación de insumos textiles | C21: =Ponderadores!B20 -> 32513.579 | E21: =+INDIRECT("DatosDesest!"&$A21&E$1) -> 98.176342 | F21: =+INDIRECT("DatosDesest!"&$A21&F$1) -> 97.140364 | G21: =+INDIRECT("DatosDesest!"&$A21&G$1) -> 96.935758 | H21: =+INDIRECT("DatosDesest!"&$A21&H$1) -> 96.020575 | I21: =+INDIRECT("DatosDesest!"&$A21&I$1) -> 93.504621 | J21: =+INDIRECT("DatosDesest!"&$A21&J$1) -> 94.791511 | K21: =+INDIRECT("DatosDesest!"&$A21&K$1) -> 92.221014 | L21: =+INDIRECT("DatosDesest!"&$A21&L$1) -> 91.867043 | ... FP21: =+INDIRECT("DatosDesest!"&$A21&FP$1) -> 0
A22: Q | B22: Confección de productos textiles, excepto prendas de vestir | C22: =Ponderadores!B21 -> 17328.629 | E22: =+INDIRECT("DatosDesest!"&$A22&E$1) -> 87.374917 | F22: =+INDIRECT("DatosDesest!"&$A22&F$1) -> 93.659364 | G22: =+INDIRECT("DatosDesest!"&$A22&G$1) -> 89.837419 | H22: =+INDIRECT("DatosDesest!"&$A22&H$1) -> 95.22333 | I22: =+INDIRECT("DatosDesest!"&$A22&I$1) -> 93.583958 | J22: =+INDIRECT("DatosDesest!"&$A22&J$1) -> 88.749452 | K22: =+INDIRECT("DatosDesest!"&$A22&K$1) -> 92.072617 | L22: =+INDIRECT("DatosDesest!"&$A22&L$1) -> 89.827874 | ... FP22: =+INDIRECT("DatosDesest!"&$A22&FP$1) -> 0
A23: R | B23: Fabricación de prendas de vestir | C23: =Ponderadores!B22 -> 71182.811 | E23: =+INDIRECT("DatosDesest!"&$A23&E$1) -> 87.868862 | F23: =+INDIRECT("DatosDesest!"&$A23&F$1) -> 91.013072 | G23: =+INDIRECT("DatosDesest!"&$A23&G$1) -> 91.404287 | H23: =+INDIRECT("DatosDesest!"&$A23&H$1) -> 91.840548 | I23: =+INDIRECT("DatosDesest!"&$A23&I$1) -> 92.316496 | J23: =+INDIRECT("DatosDesest!"&$A23&J$1) -> 93.11169 | K23: =+INDIRECT("DatosDesest!"&$A23&K$1) -> 96.379114 | L23: =+INDIRECT("DatosDesest!"&$A23&L$1) -> 95.682309 | ... FP23: =+INDIRECT("DatosDesest!"&$A23&FP$1) -> 0
A24: S | B24: Fabricación de productos de cuero, piel y materiales sucedáneos, excepto prendas de vestir | C24: =Ponderadores!B23 -> 31436.957 | E24: =+INDIRECT("DatosDesest!"&$A24&E$1) -> 104.86981 | F24: =+INDIRECT("DatosDesest!"&$A24&F$1) -> 103.77978 | G24: =+INDIRECT("DatosDesest!"&$A24&G$1) -> 101.57133 | H24: =+INDIRECT("DatosDesest!"&$A24&H$1) -> 102.30406 | I24: =+INDIRECT("DatosDesest!"&$A24&I$1) -> 102.83282 | J24: =+INDIRECT("DatosDesest!"&$A24&J$1) -> 103.64398 | K24: =+INDIRECT("DatosDesest!"&$A24&K$1) -> 102.72854 | L24: =+INDIRECT("DatosDesest!"&$A24&L$1) -> 102.07373 | ... FP24: =+INDIRECT("DatosDesest!"&$A24&FP$1) -> 0
A25: T | B25: Industria de la madera | C25: =Ponderadores!B24 -> 38837.812 | E25: =+INDIRECT("DatosDesest!"&$A25&E$1) -> 104.09625 | F25: =+INDIRECT("DatosDesest!"&$A25&F$1) -> 101.34733 | G25: =+INDIRECT("DatosDesest!"&$A25&G$1) -> 92.907206 | H25: =+INDIRECT("DatosDesest!"&$A25&H$1) -> 96.147431 | I25: =+INDIRECT("DatosDesest!"&$A25&I$1) -> 92.602894 | J25: =+INDIRECT("DatosDesest!"&$A25&J$1) -> 93.763304 | K25: =+INDIRECT("DatosDesest!"&$A25&K$1) -> 97.683463 | L25: =+INDIRECT("DatosDesest!"&$A25&L$1) -> 100.39596 | ... FP25: =+INDIRECT("DatosDesest!"&$A25&FP$1) -> 0
... A39: AH | B39: Otras industrias manufactureras | C39: =Ponderadores!B38 -> 132857.27 | E39: =+INDIRECT("DatosDesest!"&$A39&E$1) -> 75.915211 | F39: =+INDIRECT("DatosDesest!"&$A39&F$1) -> 75.618528 | G39: =+INDIRECT("DatosDesest!"&$A39&G$1) -> 74.175816 | H39: =+INDIRECT("DatosDesest!"&$A39&H$1) -> 73.394739 | I39: =+INDIRECT("DatosDesest!"&$A39&I$1) -> 74.967457 | J39: =+INDIRECT("DatosDesest!"&$A39&J$1) -> 75.428063 | K39: =+INDIRECT("DatosDesest!"&$A39&K$1) -> 74.116413 | L39: =+INDIRECT("DatosDesest!"&$A39&L$1) -> 73.570026 | ... FP39: =+INDIRECT("DatosDesest!"&$A39&FP$1) -> 0
A40: AI | B40: Manufacturas sin equipo de transporte | C40: =Ponderadores!C17 -> 3712615.6 | E40: =+INDIRECT("DatosDesest!"&$A40&E$1) -> 93.990611 | F40: =+INDIRECT("DatosDesest!"&$A40&F$1) -> 94.726885 | G40: =+INDIRECT("DatosDesest!"&$A40&G$1) -> 93.328157 | H40: =+INDIRECT("DatosDesest!"&$A40&H$1) -> 93.755991 | I40: =+INDIRECT("DatosDesest!"&$A40&I$1) -> 94.871493 | J40: =+INDIRECT("DatosDesest!"&$A40&J$1) -> 93.930133 | K40: =+INDIRECT("DatosDesest!"&$A40&K$1) -> 93.714517 | L40: =+INDIRECT("DatosDesest!"&$A40&L$1) -> 94.860446 | ... FP40: =+INDIRECT("DatosDesest!"&$A40&FP$1) -> 0
B42: PIB Actividad Industrial | E42: =+E5 -> 41275 | F42: =+F5 -> 41306 | G42: =+G5 -> 41334 | H42: =+H5 -> 41365 | I42: =+I5 -> 41395 | J42: =+J5 -> 41426 | K42: =+K5 -> 41456 | L42: =+L5 -> 41487 | ... FP42: =+FP5 -> 46357
B43: SERIES Desestacionalizadas | C43: =+C6 -> PIB 2018
B44: ACTIVIDAD INDUSTRIAL | C44: =DContriORI!C44 -> 7747139.7 | E44: =+E49 -> 7315822.9 | F44: =+F49 -> 7370074.1 | G44: =+G49 -> 7295705.4 | H44: =+H49 -> 7223812.8 | I44: =+I49 -> 7344959.2 | J44: =+J49 -> 7269169.5 | K44: =+K49 -> 7283692.8 | L44: =+L49 -> 7351984.2 | ... FP44: =+FP49 -> 0
B45: Industria Minera | C45: =DContriORI!C45 -> 948326.58 | E45: =+E50 -> 1242215.6 | F45: =+F50 -> 1232780.3 | G45: =+G50 -> 1220975.6 | H45: =+H50 -> 1216504.8 | I45: =+I50 -> 1212279.3 | J45: =+J50 -> 1207814.9 | K45: =+K50 -> 1210647.5 | L45: =+L50 -> 1212062 | ... FP45: =+FP50 -> 0
B46: Electricidad, agua y suministro de gas por ductos al consumidor fina | C46: =DContriORI!C46 -> 456907.22 | E46: =+E54 -> 404093.15 | F46: =+F54 -> 402009.87 | G46: =+G54 -> 393613.2 | H46: =+H54 -> 396948.36 | I46: =+I54 -> 405244.18 | J46: =+J54 -> 401719.53 | K46: =+K54 -> 404935.23 | L46: =+L54 -> 405211.37 | ... FP46: =+FP54 -> 0
B47: Construcción | C47: =DContriORI!C47 -> 1460789.5 | E47: =+E56 -> 1377224.9 | F47: =+F56 -> 1399817.7 | G47: =+G56 -> 1383875.9 | H47: =+H56 -> 1305357.1 | I47: =+I56 -> 1391922.3 | J47: =+J56 -> 1329683.6 | K47: =+K56 -> 1340076.2 | L47: =+L56 -> 1360988.1 | ... FP47: =+FP56 -> 0
B48: Total industrias manufactureras | C48: =DContriORI!C48 -> 4881116.4 | E48: =+E60 -> 4300695.1 | F48: =+F60 -> 4334937.3 | G48: =+G60 -> 4297340.4 | H48: =+H60 -> 4294125.5 | I48: =+I60 -> 4341532.2 | J48: =+J60 -> 4326103.8 | K48: =+K60 -> 4332005.1 | L48: =+L60 -> 4375537.2 | ... FP48: =+FP60 -> 0
B49: ACTIVIDAD INDUSTRIAL | C49: =DContriORI!C49 -> 7747139.7 | E49: =(E7/100)*$C7 -> 7315822.9 | F49: =(F7/100)*$C7 -> 7370074.1 | G49: =(G7/100)*$C7 -> 7295705.4 | H49: =(H7/100)*$C7 -> 7223812.8 | I49: =(I7/100)*$C7 -> 7344959.2 | J49: =(J7/100)*$C7 -> 7269169.5 | K49: =(K7/100)*$C7 -> 7283692.8 | L49: =(L7/100)*$C7 -> 7351984.2 | ... FP49: =(FP7/100)*$C7 -> 0
B50: Industria Minera | C50: =DContriORI!C50 -> 948326.58 | E50: =(E8/100)*$C8 -> 1242215.6 | F50: =(F8/100)*$C8 -> 1232780.3 | G50: =(G8/100)*$C8 -> 1220975.6 | H50: =(H8/100)*$C8 -> 1216504.8 | I50: =(I8/100)*$C8 -> 1212279.3 | J50: =(J8/100)*$C8 -> 1207814.9 | K50: =(K8/100)*$C8 -> 1210647.5 | L50: =(L8/100)*$C8 -> 1212062 | ... FP50: =(FP8/100)*$C8 -> 0
B51: Extracción de petróleo y gas | C51: =DContriORI!C51 -> 621540.6 | E51: =(E9/100)*$C9 -> 887775.25 | F51: =(F9/100)*$C9 -> 879822.29 | G51: =(G9/100)*$C9 -> 872146.33 | H51: =(H9/100)*$C9 -> 873436.87 | I51: =(I9/100)*$C9 -> 871492.36 | J51: =(J9/100)*$C9 -> 874746.22 | K51: =(K9/100)*$C9 -> 870047.09 | L51: =(L9/100)*$C9 -> 871256.46 | ... FP51: =(FP9/100)*$C9 -> 0
B52: Minería de minerales metálicos y no metálicos excepto petróleo y gas, y servicios relacionados | C52: =DContriORI!C52 -> 265067.55 | E52: =(E10/100)*$C10 -> 270449.96 | F52: =(F10/100)*$C10 -> 271535.92 | G52: =(G10/100)*$C10 -> 269453.69 | H52: =(H10/100)*$C10 -> 260027.67 | I52: =(I10/100)*$C10 -> 262871.03 | J52: =(J10/100)*$C10 -> 256415.32 | K52: =(K10/100)*$C10 -> 256721.28 | L52: =(L10/100)*$C10 -> 256123.74 | ... FP52: =(FP10/100)*$C10 -> 0
B53: Servicios relacionados con la minería | C53: =DContriORI!C53 -> 61718.433 | E53: =(E11/100)*$C11 -> 83848.083 | F53: =(F11/100)*$C11 -> 76173.833 | G53: =(G11/100)*$C11 -> 78237.878 | H53: =(H11/100)*$C11 -> 82557.419 | I53: =(I11/100)*$C11 -> 77534.331 | J53: =(J11/100)*$C11 -> 77524.656 | K53: =(K11/100)*$C11 -> 85546.106 | L53: =(L11/100)*$C11 -> 86017.96 | ... FP53: =(FP11/100)*$C11 -> 0
B54: Electricidad, agua y suministro de gas por ductos al consumidor fina | C54: =DContriORI!C54 -> 456907.22 | E54: =(E12/100)*$C12 -> 404093.15 | F54: =(F12/100)*$C12 -> 402009.87 | G54: =(G12/100)*$C12 -> 393613.2 | H54: =(H12/100)*$C12 -> 396948.36 | I54: =(I12/100)*$C12 -> 405244.18 | J54: =(J12/100)*$C12 -> 401719.53 | K54: =(K12/100)*$C12 -> 404935.23 | L54: =(L12/100)*$C12 -> 405211.37 | ... FP54: =(FP12/100)*$C12 -> 0
B55: Generación, transmisión y suministro de energía eléctrica | C55: =DContriORI!C55 -> 456907.22 | E55: =(E13/100)*$C13 -> 404093.15 | F55: =(F13/100)*$C13 -> 402009.87 | G55: =(G13/100)*$C13 -> 393613.2 | H55: =(H13/100)*$C13 -> 396948.36 | I55: =(I13/100)*$C13 -> 405244.18 | J55: =(J13/100)*$C13 -> 401719.53 | K55: =(K13/100)*$C13 -> 404935.23 | L55: =(L13/100)*$C13 -> 405211.37 | ... FP55: =(FP13/100)*$C13 -> 0
B56: Construcción | C56: =DContriORI!C56 -> 1460789.5 | E56: =(E14/100)*$C14 -> 1377224.9 | F56: =(F14/100)*$C14 -> 1399817.7 | G56: =(G14/100)*$C14 -> 1383875.9 | H56: =(H14/100)*$C14 -> 1305357.1 | I56: =(I14/100)*$C14 -> 1391922.3 | J56: =(J14/100)*$C14 -> 1329683.6 | K56: =(K14/100)*$C14 -> 1340076.2 | L56: =(L14/100)*$C14 -> 1360988.1 | ... FP56: =(FP14/100)*$C14 -> 0
B57: Edificación | C57: =DContriORI!C57 -> 1064926.3 | E57: =(E15/100)*$C15 -> 956939 | F57: =(F15/100)*$C15 -> 983093.2 | G57: =(G15/100)*$C15 -> 957759.72 | H57: =(H15/100)*$C15 -> 884024.1 | I57: =(I15/100)*$C15 -> 965469.29 | J57: =(J15/100)*$C15 -> 902333.72 | K57: =(K15/100)*$C15 -> 893508.13 | L57: =(L15/100)*$C15 -> 930877.7 | ... FP57: =(FP15/100)*$C15 -> 0
B58: Construcción de obras de ingeniería civil u obra pesada | C58: =DContriORI!C58 -> 214062.02 | E58: =(E16/100)*$C16 -> 290280.96 | F58: =(F16/100)*$C16 -> 290383.89 | G58: =(G16/100)*$C16 -> 291897.75 | H58: =(H16/100)*$C16 -> 297291.9 | I58: =(I16/100)*$C16 -> 299903.77 | J58: =(J16/100)*$C16 -> 298039.67 | K58: =(K16/100)*$C16 -> 312061.32 | L58: =(L16/100)*$C16 -> 296302.51 | ... FP58: =(FP16/100)*$C16 -> 0
B59: Trabajos especializados para la construcción | C59: =DContriORI!C59 -> 181801.25 | E59: =(E17/100)*$C17 -> 130110.4 | F59: =(F17/100)*$C17 -> 125439.12 | G59: =(G17/100)*$C17 -> 134617.16 | H59: =(H17/100)*$C17 -> 128330.42 | I59: =(I17/100)*$C17 -> 127519.25 | J59: =(J17/100)*$C17 -> 128989.83 | K59: =(K17/100)*$C17 -> 131194.02 | L59: =(L17/100)*$C17 -> 133708.69 | ... FP59: =(FP17/100)*$C17 -> 0
B60: Total industrias manufactureras | C60: =DContriORI!C60 -> 4881116.4 | E60: =(E18/100)*$C18 -> 4300695.1 | F60: =(F18/100)*$C18 -> 4334937.3 | G60: =(G18/100)*$C18 -> 4297340.4 | H60: =(H18/100)*$C18 -> 4294125.5 | I60: =(I18/100)*$C18 -> 4341532.2 | J60: =(J18/100)*$C18 -> 4326103.8 | K60: =(K18/100)*$C18 -> 4332005.1 | L60: =(L18/100)*$C18 -> 4375537.2 | ... FP60: =(FP18/100)*$C18 -> 0
... B82: Manufacturas sin equipo de transporte | C82: =DContriORI!C82 -> 3712615.6 | E82: =(E40/100)*$C40 -> 3489510.1 | F82: =(F40/100)*$C40 -> 3516845.1 | G82: =(G40/100)*$C40 -> 3464915.7 | H82: =(H40/100)*$C40 -> 3480799.6 | I82: =(I40/100)*$C40 -> 3522213.9 | J82: =(J40/100)*$C40 -> 3487264.8 | K82: =(K40/100)*$C40 -> 3479259.8 | L82: =(L40/100)*$C40 -> 3521803.8 | ... FP82: =(FP40/100)*$C40 -> 0
B83: Manufacturas sin equipo de transporte (suma para estructura) | E83: =SUM(E61:E81)-E79 -> 3494044.1 | F83: =SUM(F61:F81)-F79 -> 3493764.1 | G83: =SUM(G61:G81)-G79 -> 3478721.7 | H83: =SUM(H61:H81)-H79 -> 3469984 | I83: =SUM(I61:I81)-I79 -> 3516088.6 | J83: =SUM(J61:J81)-J79 -> 3480352.8 | K83: =SUM(K61:K81)-K79 -> 3475091.9 | L83: =SUM(L61:L81)-L79 -> 3511482.6 | ... FP83: =SUM(FP61:FP81)-FP79 -> 0
B85: ESTRUCTURA PORCENTUAL | E85: =E5 -> 41275 | F85: =F5 -> 41306 | G85: =G5 -> 41334 | H85: =H5 -> 41365 | I85: =I5 -> 41395 | J85: =J5 -> 41426 | K85: =K5 -> 41456 | L85: =L5 -> 41487 | ... FP85: =FP5 -> 46357
B86: PIB Actividad Industrial | E86: =E5 -> 41275 | F86: =F5 -> 41306 | G86: =G5 -> 41334 | H86: =H5 -> 41365 | I86: =I5 -> 41395 | J86: =J5 -> 41426 | K86: =K5 -> 41456 | L86: =L5 -> 41487 | ... FP86: =FP5 -> 46357
B87: SERIES Desestacionalizadas
B88: ACTIVIDAD INDUSTRIAL | E88: =SUM(E45:E48)/SUM(E$45:E$48)*100 -> 100 | F88: =SUM(F45:F48)/SUM(F$45:F$48)*100 -> 100 | G88: =SUM(G45:G48)/SUM(G$45:G$48)*100 -> 100 | H88: =SUM(H45:H48)/SUM(H$45:H$48)*100 -> 100 | I88: =SUM(I45:I48)/SUM(I$45:I$48)*100 -> 100 | J88: =SUM(J45:J48)/SUM(J$45:J$48)*100 -> 100 | K88: =SUM(K45:K48)/SUM(K$45:K$48)*100 -> 100 | L88: =SUM(L45:L48)/SUM(L$45:L$48)*100 -> 100 | ... FP88: =SUM(FP45:FP48)/SUM(FP$45:FP$48)*100 -> #DIV/0!
B89: Industria Minera | E89: =+E45/SUM(E$45:E$48)*100 -> 16.96036 | F89: =+F45/SUM(F$45:F$48)*100 -> 16.728038 | G89: =+G45/SUM(G$45:G$48)*100 -> 16.735311 | H89: =+H45/SUM(H$45:H$48)*100 -> 16.865598 | I89: =+I45/SUM(I$45:I$48)*100 -> 16.491402 | J89: =+J45/SUM(J$45:J$48)*100 -> 16.624383 | K89: =+K45/SUM(K$45:K$48)*100 -> 16.612285 | L89: =+L45/SUM(L$45:L$48)*100 -> 16.482122 | ... FP89: =+FP45/SUM(FP$45:FP$48)*100 -> #DIV/0!
B90: Electricidad, agua y suministro de gas por ductos al consumidor fina | E90: =+E46/SUM(E$45:E$48)*100 -> 5.517211 | F90: =+F46/SUM(F$45:F$48)*100 -> 5.4550159 | G90: =+G46/SUM(G$45:G$48)*100 -> 5.3950619 | H90: =+H46/SUM(H$45:H$48)*100 -> 5.5032843 | I90: =+I46/SUM(I$45:I$48)*100 -> 5.5127927 | J90: =+J46/SUM(J$45:J$48)*100 -> 5.5292737 | K90: =+K46/SUM(K$45:K$48)*100 -> 5.5564475 | L90: =+L46/SUM(L$45:L$48)*100 -> 5.5102321 | ... FP90: =+FP46/SUM(FP$45:FP$48)*100 -> #DIV/0!
B91: Construcción | E91: =+E47/SUM(E$45:E$48)*100 -> 18.803685 | F91: =+F47/SUM(F$45:F$48)*100 -> 18.994628 | G91: =+G47/SUM(G$45:G$48)*100 -> 18.968104 | H91: =+H47/SUM(H$45:H$48)*100 -> 18.097445 | I91: =+I47/SUM(I$45:I$48)*100 -> 18.935198 | J91: =+J47/SUM(J$45:J$48)*100 -> 18.301786 | K91: =+K47/SUM(K$45:K$48)*100 -> 18.388281 | L91: =+L47/SUM(L$45:L$48)*100 -> 18.507279 | ... FP91: =+FP47/SUM(FP$45:FP$48)*100 -> #DIV/0!
B92: Total industrias manufactureras | E92: =+E48/SUM(E$45:E$48)*100 -> 58.718744 | F92: =+F48/SUM(F$45:F$48)*100 -> 58.822318 | G92: =+G48/SUM(G$45:G$48)*100 -> 58.901524 | H92: =+H48/SUM(H$45:H$48)*100 -> 59.533672 | I92: =+I48/SUM(I$45:I$48)*100 -> 59.060607 | J92: =+J48/SUM(J$45:J$48)*100 -> 59.544558 | K92: =+K48/SUM(K$45:K$48)*100 -> 59.442986 | L92: =+L48/SUM(L$45:L$48)*100 -> 59.500367 | ... FP92: =+FP48/SUM(FP$45:FP$48)*100 -> #DIV/0!
B93: ACTIVIDAD INDUSTRIAL
B94: Industria Minera | E94: =SUM(E51:E53)/SUM(E$51:E$53)*100 -> 100 | F94: =SUM(F51:F53)/SUM(F$51:F$53)*100 -> 100 | G94: =SUM(G51:G53)/SUM(G$51:G$53)*100 -> 100 | H94: =SUM(H51:H53)/SUM(H$51:H$53)*100 -> 100 | I94: =SUM(I51:I53)/SUM(I$51:I$53)*100 -> 100 | J94: =SUM(J51:J53)/SUM(J$51:J$53)*100 -> 100 | K94: =SUM(K51:K53)/SUM(K$51:K$53)*100 -> 100 | L94: =SUM(L51:L53)/SUM(L$51:L$53)*100 -> 100 | ... FP94: =SUM(FP51:FP53)/SUM(FP$51:FP$53)*100 -> #DIV/0!
B95: Extracción de petróleo y gas | E95: =+E51/SUM(E$51:E$53)*100 -> 71.475271 | F95: =+F51/SUM(F$51:F$53)*100 -> 71.674079 | G95: =+G51/SUM(G$51:G$53)*100 -> 71.496904 | H95: =+H51/SUM(H$51:H$53)*100 -> 71.827393 | I95: =+I51/SUM(I$51:I$53)*100 -> 71.911379 | J95: =+J51/SUM(J$51:J$53)*100 -> 72.371657 | K95: =+K51/SUM(K$51:K$53)*100 -> 71.767442 | L95: =+L51/SUM(L$51:L$53)*100 -> 71.803015 | ... FP95: =+FP51/SUM(FP$51:FP$53)*100 -> #DIV/0!
B96: Minería de minerales metálicos y no metálicos excepto petróleo y gas, y servicios relacionados | E96: =+E52/SUM(E$51:E$53)*100 -> 21.774074 | F96: =+F52/SUM(F$51:F$53)*100 -> 22.120475 | G96: =+G52/SUM(G$51:G$53)*100 -> 22.089303 | H96: =+H52/SUM(H$51:H$53)*100 -> 21.383468 | I96: =+I52/SUM(I$51:I$53)*100 -> 21.690859 | J96: =+J52/SUM(J$51:J$53)*100 -> 21.214383 | K96: =+K52/SUM(K$51:K$53)*100 -> 21.176129 | L96: =+L52/SUM(L$51:L$53)*100 -> 21.107972 | ... FP96: =+FP52/SUM(FP$51:FP$53)*100 -> #DIV/0!
B97: Servicios relacionados con la minería | E97: =+E53/SUM(E$51:E$53)*100 -> 6.750655 | F97: =+F53/SUM(F$51:F$53)*100 -> 6.2054456 | G97: =+G53/SUM(G$51:G$53)*100 -> 6.413793 | H97: =+H53/SUM(H$51:H$53)*100 -> 6.7891388 | I97: =+I53/SUM(I$51:I$53)*100 -> 6.3977619 | J97: =+J53/SUM(J$51:J$53)*100 -> 6.4139606 | K97: =+K53/SUM(K$51:K$53)*100 -> 7.0564287 | L97: =+L53/SUM(L$51:L$53)*100 -> 7.0890135 | ... FP97: =+FP53/SUM(FP$51:FP$53)*100 -> #DIV/0!
B98: Electricidad, agua y suministro de gas por ductos al consumidor fina | E98: =SUM(E55:E55)/SUM(E$55:E$55)*100 -> 100 | F98: =SUM(F55:F55)/SUM(F$55:F$55)*100 -> 100 | G98: =SUM(G55:G55)/SUM(G$55:G$55)*100 -> 100 | H98: =SUM(H55:H55)/SUM(H$55:H$55)*100 -> 100 | I98: =SUM(I55:I55)/SUM(I$55:I$55)*100 -> 100 | J98: =SUM(J55:J55)/SUM(J$55:J$55)*100 -> 100 | K98: =SUM(K55:K55)/SUM(K$55:K$55)*100 -> 100 | L98: =SUM(L55:L55)/SUM(L$55:L$55)*100 -> 100 | ... FP98: =SUM(FP55:FP55)/SUM(FP$55:FP$55)*100 -> #DIV/0!
B99: Generación, transmisión y suministro de energía eléctrica | E99: =E55/SUM(E$55:E$55)*100 -> 100 | F99: =F55/SUM(F$55:F$55)*100 -> 100 | G99: =G55/SUM(G$55:G$55)*100 -> 100 | H99: =H55/SUM(H$55:H$55)*100 -> 100 | I99: =I55/SUM(I$55:I$55)*100 -> 100 | J99: =J55/SUM(J$55:J$55)*100 -> 100 | K99: =K55/SUM(K$55:K$55)*100 -> 100 | L99: =L55/SUM(L$55:L$55)*100 -> 100 | ... FP99: =FP55/SUM(FP$55:FP$55)*100 -> #DIV/0!
B100: Construcción | E100: =SUM(E57:E59)/SUM(E$57:E$59)*100 -> 100 | F100: =SUM(F57:F59)/SUM(F$57:F$59)*100 -> 100 | G100: =SUM(G57:G59)/SUM(G$57:G$59)*100 -> 100 | H100: =SUM(H57:H59)/SUM(H$57:H$59)*100 -> 100 | I100: =SUM(I57:I59)/SUM(I$57:I$59)*100 -> 100 | J100: =SUM(J57:J59)/SUM(J$57:J$59)*100 -> 100 | K100: =SUM(K57:K59)/SUM(K$57:K$59)*100 -> 100 | L100: =SUM(L57:L59)/SUM(L$57:L$59)*100 -> 100 | ... FP100: =SUM(FP57:FP59)/SUM(FP$57:FP$59)*100 -> #DIV/0!
B101: Edificación | E101: =+E57/SUM(E$57:E$59)*100 -> 69.477812 | F101: =+F57/SUM(F$57:F$59)*100 -> 70.275346 | G101: =+G57/SUM(G$57:G$59)*100 -> 69.188563 | H101: =+H57/SUM(H$57:H$59)*100 -> 67.500975 | I101: =+I57/SUM(I$57:I$59)*100 -> 69.313994 | J101: =+J57/SUM(J$57:J$59)*100 -> 67.877139 | K101: =+K57/SUM(K$57:K$59)*100 -> 66.841154 | L101: =+L57/SUM(L$57:L$59)*100 -> 68.402182 | ... FP101: =+FP57/SUM(FP$57:FP$59)*100 -> #DIV/0!
B102: Construcción de obras de ingeniería civil u obra pesada | E102: =+E58/SUM(E$57:E$59)*100 -> 21.075624 | F102: =+F58/SUM(F$57:F$59)*100 -> 20.757776 | G102: =+G58/SUM(G$57:G$59)*100 -> 21.086694 | H102: =+H58/SUM(H$57:H$59)*100 -> 22.700165 | I102: =+I58/SUM(I$57:I$59)*100 -> 21.531009 | J102: =+J58/SUM(J$57:J$59)*100 -> 22.419732 | K102: =+K58/SUM(K$57:K$59)*100 -> 23.344543 | L102: =+L58/SUM(L$57:L$59)*100 -> 21.772719 | ... FP102: =+FP58/SUM(FP$57:FP$59)*100 -> #DIV/0!
B103: Trabajos especializados para la construcción | E103: =+E59/SUM(E$57:E$59)*100 -> 9.4465643 | F103: =+F59/SUM(F$57:F$59)*100 -> 8.9668787 | G103: =+G59/SUM(G$57:G$59)*100 -> 9.7247437 | H103: =+H59/SUM(H$57:H$59)*100 -> 9.7988597 | I103: =+I59/SUM(I$57:I$59)*100 -> 9.1549968 | J103: =+J59/SUM(J$57:J$59)*100 -> 9.7031294 | K103: =+K59/SUM(K$57:K$59)*100 -> 9.8143031 | L103: =+L59/SUM(L$57:L$59)*100 -> 9.8250994 | ... FP103: =+FP59/SUM(FP$57:FP$59)*100 -> #DIV/0!
B104: Total industrias manufactureras | E104: =SUM(E61:E81)/SUM(E$61:E$81)*100 -> 100 | F104: =SUM(F61:F81)/SUM(F$61:F$81)*100 -> 100 | G104: =SUM(G61:G81)/SUM(G$61:G$81)*100 -> 100 | H104: =SUM(H61:H81)/SUM(H$61:H$81)*100 -> 100 | I104: =SUM(I61:I81)/SUM(I$61:I$81)*100 -> 100 | J104: =SUM(J61:J81)/SUM(J$61:J$81)*100 -> 100 | K104: =SUM(K61:K81)/SUM(K$61:K$81)*100 -> 100 | L104: =SUM(L61:L81)/SUM(L$61:L$81)*100 -> 100 | ... FP104: =SUM(FP61:FP81)/SUM(FP$61:FP$81)*100 -> #DIV/0!
B105: Industria alimentaria | E105: =+E61/SUM(E$61:E$81)*100 -> 18.882591 | F105: =+F61/SUM(F$61:F$81)*100 -> 18.924215 | G105: =+G61/SUM(G$61:G$81)*100 -> 18.928057 | H105: =+H61/SUM(H$61:H$81)*100 -> 18.842992 | I105: =+I61/SUM(I$61:I$81)*100 -> 18.75324 | J105: =+J61/SUM(J$61:J$81)*100 -> 18.806065 | K105: =+K61/SUM(K$61:K$81)*100 -> 18.773817 | L105: =+L61/SUM(L$61:L$81)*100 -> 18.858802 | ... FP105: =+FP61/SUM(FP$61:FP$81)*100 -> #DIV/0!
B106: Industria de las bebidas y del tabaco | E106: =+E62/SUM(E$61:E$81)*100 -> 4.6863412 | F106: =+F62/SUM(F$61:F$81)*100 -> 4.7004565 | G106: =+G62/SUM(G$61:G$81)*100 -> 4.5875646 | H106: =+H62/SUM(H$61:H$81)*100 -> 4.559079 | I106: =+I62/SUM(I$61:I$81)*100 -> 4.4569575 | J106: =+J62/SUM(J$61:J$81)*100 -> 4.4590441 | K106: =+K62/SUM(K$61:K$81)*100 -> 4.502108 | L106: =+L62/SUM(L$61:L$81)*100 -> 4.5989623 | ... FP106: =+FP62/SUM(FP$61:FP$81)*100 -> #DIV/0!
B107: Fabricación de insumos textiles | E107: =+E63/SUM(E$61:E$81)*100 -> 0.74201776 | F107: =+F63/SUM(F$61:F$81)*100 -> 0.73097798 | G107: =+G63/SUM(G$61:G$81)*100 -> 0.73169945 | H107: =+H63/SUM(H$61:H$81)*100 -> 0.7280622 | I107: =+I63/SUM(I$61:I$81)*100 -> 0.69957213 | J107: =+J63/SUM(J$61:J$81)*100 -> 0.71287793 | K107: =+K63/SUM(K$61:K$81)*100 -> 0.69225229 | L107: =+L63/SUM(L$61:L$81)*100 -> 0.68359374 | ... FP107: =+FP63/SUM(FP$61:FP$81)*100 -> #DIV/0!
B108: Confección de productos textiles, excepto prendas de vestir | E108: =+E64/SUM(E$61:E$81)*100 -> 0.35196028 | F108: =+F64/SUM(F$61:F$81)*100 -> 0.37562561 | G108: =+G64/SUM(G$61:G$81)*100 -> 0.36141436 | H108: =+H64/SUM(H$61:H$81)*100 -> 0.38481055 | I108: =+I64/SUM(I$61:I$81)*100 -> 0.37316445 | J108: =+J64/SUM(J$61:J$81)*100 -> 0.35572209 | K108: =+K64/SUM(K$61:K$81)*100 -> 0.36835317 | L108: =+L64/SUM(L$61:L$81)*100 -> 0.35624509 | ... FP108: =+FP64/SUM(FP$61:FP$81)*100 -> #DIV/0!
B109: Fabricación de prendas de vestir | E109: =+E65/SUM(E$61:E$81)*100 -> 1.4539612 | F109: =+F65/SUM(F$61:F$81)*100 -> 1.4994041 | G109: =+G65/SUM(G$61:G$81)*100 -> 1.5105171 | H109: =+H65/SUM(H$61:H$81)*100 -> 1.5245757 | I109: =+I65/SUM(I$61:I$81)*100 -> 1.5121299 | J109: =+J65/SUM(J$61:J$81)*100 -> 1.533064 | K109: =+K65/SUM(K$61:K$81)*100 -> 1.5839001 | L109: =+L65/SUM(L$61:L$81)*100 -> 1.5587639 | ... FP109: =+FP65/SUM(FP$61:FP$81)*100 -> #DIV/0!
B110: Fabricación de productos de cuero, piel y materiales sucedáneos, excepto prendas de vestir | E110: =+E66/SUM(E$61:E$81)*100 -> 0.76636149 | F110: =+F66/SUM(F$61:F$81)*100 -> 0.75508015 | G110: =+G66/SUM(G$61:G$81)*100 -> 0.74130266 | H110: =+H66/SUM(H$61:H$81)*100 -> 0.75001989 | I110: =+I66/SUM(I$61:I$81)*100 -> 0.74388687 | J110: =+J66/SUM(J$61:J$81)*100 -> 0.75364276 | K110: =+K66/SUM(K$61:K$81)*100 -> 0.74559221 | L110: =+L66/SUM(L$61:L$81)*100 -> 0.73439218 | ... FP110: =+FP66/SUM(FP$61:FP$81)*100 -> #DIV/0!
B111: Industria de la madera | E111: =+E67/SUM(E$61:E$81)*100 -> 0.93979371 | F111: =+F67/SUM(F$61:F$81)*100 -> 0.91097587 | G111: =+G67/SUM(G$61:G$81)*100 -> 0.83769918 | H111: =+H67/SUM(H$61:H$81)*100 -> 0.8708269 | I111: =+I67/SUM(I$61:I$81)*100 -> 0.82758758 | J111: =+J67/SUM(J$61:J$81)*100 -> 0.8423035 | K111: =+K67/SUM(K$61:K$81)*100 -> 0.87588186 | L111: =+L67/SUM(L$61:L$81)*100 -> 0.89236916 | ... FP111: =+FP67/SUM(FP$61:FP$81)*100 -> #DIV/0!
B112: Industria del papel | E112: =+E68/SUM(E$61:E$81)*100 -> 1.8972376 | F112: =+F68/SUM(F$61:F$81)*100 -> 1.9093284 | G112: =+G68/SUM(G$61:G$81)*100 -> 1.929799 | H112: =+H68/SUM(H$61:H$81)*100 -> 1.9282083 | I112: =+I68/SUM(I$61:I$81)*100 -> 1.855429 | J112: =+J68/SUM(J$61:J$81)*100 -> 1.877257 | K112: =+K68/SUM(K$61:K$81)*100 -> 1.8951757 | L112: =+L68/SUM(L$61:L$81)*100 -> 1.9096696 | ... FP112: =+FP68/SUM(FP$61:FP$81)*100 -> #DIV/0!
B113: Impresión e industrias conexas | E113: =+E69/SUM(E$61:E$81)*100 -> 0.5112844 | F113: =+F69/SUM(F$61:F$81)*100 -> 0.51540093 | G113: =+G69/SUM(G$61:G$81)*100 -> 0.52939184 | H113: =+H69/SUM(H$61:H$81)*100 -> 0.51161064 | I113: =+I69/SUM(I$61:I$81)*100 -> 0.513165 | J113: =+J69/SUM(J$61:J$81)*100 -> 0.52330256 | K113: =+K69/SUM(K$61:K$81)*100 -> 0.49017367 | L113: =+L69/SUM(L$61:L$81)*100 -> 0.46388927 | ... FP113: =+FP69/SUM(FP$61:FP$81)*100 -> #DIV/0!
B114: Fabricación de productos derivados del petróleo y del carbón | E114: =+E70/SUM(E$61:E$81)*100 -> 7.4565989 | F114: =+F70/SUM(F$61:F$81)*100 -> 7.1158473 | G114: =+G70/SUM(G$61:G$81)*100 -> 7.2643329 | H114: =+H70/SUM(H$61:H$81)*100 -> 7.3017605 | I114: =+I70/SUM(I$61:I$81)*100 -> 7.744793 | J114: =+J70/SUM(J$61:J$81)*100 -> 7.6877856 | K114: =+K70/SUM(K$61:K$81)*100 -> 7.3039434 | L114: =+L70/SUM(L$61:L$81)*100 -> 7.4726831 | ... FP114: =+FP70/SUM(FP$61:FP$81)*100 -> #DIV/0!
B115: Industria química | E115: =+E71/SUM(E$61:E$81)*100 -> 8.7026881 | F115: =+F71/SUM(F$61:F$81)*100 -> 8.5226514 | G115: =+G71/SUM(G$61:G$81)*100 -> 8.6093203 | H115: =+H71/SUM(H$61:H$81)*100 -> 8.4907879 | I115: =+I71/SUM(I$61:I$81)*100 -> 8.4873186 | J115: =+J71/SUM(J$61:J$81)*100 -> 8.5326266 | K115: =+K71/SUM(K$61:K$81)*100 -> 8.6454881 | L115: =+L71/SUM(L$61:L$81)*100 -> 8.65557 | ... FP115: =+FP71/SUM(FP$61:FP$81)*100 -> #DIV/0!
B116: Industria del plástico y del hule | E116: =+E72/SUM(E$61:E$81)*100 -> 2.9837343 | F116: =+F72/SUM(F$61:F$81)*100 -> 2.9323498 | G116: =+G72/SUM(G$61:G$81)*100 -> 2.932483 | H116: =+H72/SUM(H$61:H$81)*100 -> 2.9512218 | I116: =+I72/SUM(I$61:I$81)*100 -> 2.9089239 | J116: =+J72/SUM(J$61:J$81)*100 -> 2.9292289 | K116: =+K72/SUM(K$61:K$81)*100 -> 2.9231423 | L116: =+L72/SUM(L$61:L$81)*100 -> 2.8838754 | ... FP116: =+FP72/SUM(FP$61:FP$81)*100 -> #DIV/0!
... B125: Otras industrias manufactureras | E125: =+E81/SUM(E$61:E$81)*100 -> 2.3445354 | F125: =+F81/SUM(F$61:F$81)*100 -> 2.3251626 | G125: =+G81/SUM(G$61:G$81)*100 -> 2.2878713 | H125: =+H81/SUM(H$61:H$81)*100 -> 2.2739958 | I125: =+I81/SUM(I$61:I$81)*100 -> 2.2918846 | J125: =+J81/SUM(J$61:J$81)*100 -> 2.3179242 | K125: =+K81/SUM(K$61:K$81)*100 -> 2.2733664 | L125: =+L81/SUM(L$61:L$81)*100 -> 2.2369681 | ... FP125: =+FP81/SUM(FP$61:FP$81)*100 -> #DIV/0!
B126: Manufacturas sin equipo de transporte | E126: =+E104-E123 -> 81.221509 | F126: =+F104-F123 -> 80.859932 | G126: =+G104-G123 -> 80.76136 | H126: =+H104-H123 -> 80.922049 | I126: =+I104-I123 -> 80.908558 | J126: =+J104-J123 -> 80.501546 | K126: =+K104-K123 -> 80.229857 | L126: =+L104-L123 -> 80.364469 | ... FP126: =+FP104-FP123 -> #DIV/0!
B127: Manufacturas sin equipo de transporte | E127: =+E83/E$83*100 -> 100 | F127: =+F83/F$83*100 -> 100 | G127: =+G83/G$83*100 -> 100 | H127: =+H83/H$83*100 -> 100 | I127: =+I83/I$83*100 -> 100 | J127: =+J83/J$83*100 -> 100 | K127: =+K83/K$83*100 -> 100 | L127: =+L83/L$83*100 -> 100 | ... FP127: =+FP83/FP$83*100 -> #DIV/0!
B128: Industria alimentaria | E128: =+E61/E$83*100 -> 23.248264 | F128: =+F61/F$83*100 -> 23.403699 | G128: =+G61/G$83*100 -> 23.437021 | H128: =+H61/H$83*100 -> 23.285361 | I128: =+I61/I$83*100 -> 23.178314 | J128: =+J61/J$83*100 -> 23.361122 | K128: =+K61/K$83*100 -> 23.400038 | L128: =+L61/L$83*100 -> 23.466592 | ... FP128: =+FP61/FP$83*100 -> #DIV/0!
B129: Industria de las bebidas y del tabaco | E129: =+E62/E$83*100 -> 5.7698278 | F129: =+F62/F$83*100 -> 5.8130849 | G129: =+G62/G$83*100 -> 5.6803954 | H129: =+H62/H$83*100 -> 5.6339144 | I129: =+I62/I$83*100 -> 5.5086354 | J129: =+J62/J$83*100 -> 5.5390788 | K129: =+K62/K$83*100 -> 5.6115119 | L129: =+L62/L$83*100 -> 5.7226314 | ... FP129: =+FP62/FP$83*100 -> #DIV/0!
B130: Fabricación de insumos textiles | E130: =+E63/E$83*100 -> 0.91357298 | F130: =+F63/F$83*100 -> 0.90400518 | G130: =+G63/G$83*100 -> 0.90600189 | H130: =+H63/H$83*100 -> 0.89970806 | I130: =+I63/I$83*100 -> 0.86464541 | J130: =+J63/J$83*100 -> 0.88554564 | K130: =+K63/K$83*100 -> 0.86283624 | L130: =+L63/L$83*100 -> 0.85061688 | ... FP130: =+FP63/FP$83*100 -> #DIV/0!
B131: Confección de productos textiles, excepto prendas de vestir | E131: =+E64/E$83*100 -> 0.43333383 | F131: =+F64/F$83*100 -> 0.46453862 | G131: =+G64/G$83*100 -> 0.44750901 | H131: =+H64/H$83*100 -> 0.47553238 | I131: =+I64/I$83*100 -> 0.46121752 | J131: =+J64/J$83*100 -> 0.4418823 | K131: =+K64/K$83*100 -> 0.45912231 | L131: =+L64/L$83*100 -> 0.44328681 | ... FP131: =+FP64/FP$83*100 -> #DIV/0!
B132: Fabricación de prendas de vestir | E132: =+E65/E$83*100 -> 1.7901184 | F132: =+F65/F$83*100 -> 1.8543227 | G132: =+G65/G$83*100 -> 1.8703462 | H132: =+H65/H$83*100 -> 1.8840053 | I132: =+I65/I$83*100 -> 1.8689369 | J132: =+J65/J$83*100 -> 1.9043908 | K132: =+K65/K$83*100 -> 1.9742028 | L132: =+L65/L$83*100 -> 1.9396182 | ... FP132: =+FP65/FP$83*100 -> #DIV/0!
B133: Fabricación de productos de cuero, piel y materiales sucedáneos, excepto prendas de vestir | E133: =+E66/E$83*100 -> 0.943545 | F133: =+F66/F$83*100 -> 0.9338125 | G133: =+G66/G$83*100 -> 0.91789274 | H133: =+H66/H$83*100 -> 0.92684244 | I133: =+I66/I$83*100 -> 0.9194168 | J133: =+J66/J$83*100 -> 0.9361842 | K133: =+K66/K$83*100 -> 0.92932012 | L133: =+L66/L$83*100 -> 0.91382695 | ... FP133: =+FP66/FP$83*100 -> #DIV/0!
B134: Industria de la madera | E134: =+E67/E$83*100 -> 1.1570749 | F134: =+F67/F$83*100 -> 1.1266097 | G134: =+G67/G$83*100 -> 1.0372525 | H134: =+H67/H$83*100 -> 1.0761306 | I134: =+I67/I$83*100 -> 1.0228678 | J134: =+J67/J$83*100 -> 1.0463197 | K134: =+K67/K$83*100 -> 1.0917156 | L134: =+L67/L$83*100 -> 1.1104026 | ... FP134: =+FP67/FP$83*100 -> #DIV/0!
B135: Industria del papel | E135: =+E68/E$83*100 -> 2.3358807 | F135: =+F68/F$83*100 -> 2.3612788 | G135: =+G68/G$83*100 -> 2.3895078 | H135: =+H68/H$83*100 -> 2.3827972 | I135: =+I68/I$83*100 -> 2.293242 | J135: =+J68/J$83*100 -> 2.3319514 | K135: =+K68/K$83*100 -> 2.3621825 | L135: =+L68/L$83*100 -> 2.376261 | ... FP135: =+FP68/FP$83*100 -> #DIV/0!
B136: Impresión e industrias conexas | E136: =+E69/E$83*100 -> 0.62949384 | F136: =+F69/F$83*100 -> 0.63739965 | G136: =+G69/G$83*100 -> 0.65550139 | H136: =+H69/H$83*100 -> 0.6322265 | I136: =+I69/I$83*100 -> 0.63425305 | J136: =+J69/J$83*100 -> 0.6500528 | K136: =+K69/K$83*100 -> 0.61096167 | L136: =+L69/L$83*100 -> 0.5772318 | ... FP136: =+FP69/FP$83*100 -> #DIV/0!
B137: Fabricación de productos derivados del petróleo y del carbón | E137: =+E70/E$83*100 -> 9.1805718 | F137: =+F70/F$83*100 -> 8.8002142 | G137: =+G70/G$83*100 -> 8.9948125 | H137: =+H70/H$83*100 -> 9.0232027 | I137: =+I70/I$83*100 -> 9.5722791 | J137: =+J70/J$83*100 -> 9.5498607 | K137: =+K70/K$83*100 -> 9.1037722 | L137: =+L70/L$83*100 -> 9.2984912 | ... FP137: =+FP70/FP$83*100 -> #DIV/0!
B138: Industria química | E138: =+E71/E$83*100 -> 10.714758 | F138: =+F71/F$83*100 -> 10.540018 | G138: =+G71/G$83*100 -> 10.660197 | H138: =+H71/H$83*100 -> 10.492552 | I138: =+I71/I$83*100 -> 10.490013 | J138: =+J71/J$83*100 -> 10.599333 | K138: =+K71/K$83*100 -> 10.775899 | L138: =+L71/L$83*100 -> 10.770394 | ... FP138: =+FP71/FP$83*100 -> #DIV/0!
B139: Industria del plástico y del hule | E139: =+E72/E$83*100 -> 3.6735765 | F139: =+F72/F$83*100 -> 3.626456 | G139: =+G72/G$83*100 -> 3.6310471 | H139: =+H72/H$83*100 -> 3.6469934 | I139: =+I72/I$83*100 -> 3.5953229 | J139: =+J72/J$83*100 -> 3.6387237 | K139: =+K72/K$83*100 -> 3.6434594 | L139: =+L72/L$83*100 -> 3.5884956 | ... FP139: =+FP72/FP$83*100 -> #DIV/0!
... B145: Fabricación de equipo de generación eléctrica y aparatos y accesorios eléctricos | E145: =+E78/E$83*100 -> 5.2544378 | F145: =+F78/F$83*100 -> 5.3033146 | G145: =+G78/G$83*100 -> 5.075507 | H145: =+H78/H$83*100 -> 4.9720388 | I145: =+I78/I$83*100 -> 4.9802912 | J145: =+J78/J$83*100 -> 4.8745779 | K145: =+K78/K$83*100 -> 4.8579089 | L145: =+L78/L$83*100 -> 4.9388064 | ... FP145: =+FP78/FP$83*100 -> #DIV/0!
B146: Fabricación de equipo de transporte
B147: Fabricación de muebles y productos relacionados | E147: =+E80/E$83*100 -> 1.4847938 | F147: =+F80/F$83*100 -> 1.481768 | G147: =+G80/G$83*100 -> 1.4750133 | H147: =+H80/H$83*100 -> 1.4602364 | I147: =+I80/I$83*100 -> 1.5361768 | J147: =+J80/J$83*100 -> 1.5219054 | K147: =+K80/K$83*100 -> 1.4951415 | L147: =+L80/L$83*100 -> 1.4296017 | ... FP147: =+FP80/FP$83*100 -> #DIV/0!
B148: Otras industrias manufactureras | E148: =+E81/E$83*100 -> 2.8865943 | F148: =+F81/F$83*100 -> 2.8755436 | G148: =+G81/G$83*100 -> 2.8328787 | H148: =+H81/H$83*100 -> 2.8101065 | I148: =+I81/I$83*100 -> 2.832685 | J148: =+J81/J$83*100 -> 2.8793536 | K148: =+K81/K$83*100 -> 2.8335666 | L148: =+L81/L$83*100 -> 2.7835287 | ... FP148: =+FP81/FP$83*100 -> #DIV/0!
B152: Variaciones Porcentuales Anuales | E152: =+E42 -> 41275 | F152: =+F42 -> 41306 | G152: =+G42 -> 41334 | H152: =+H42 -> 41365 | I152: =+I42 -> 41395 | J152: =+J42 -> 41426 | K152: =+K42 -> 41456 | L152: =+L42 -> 41487 | ... FP152: =+FP42 -> 46357
B153: SERIES Desestacionalizadas | C153: =+C6 -> PIB 2018
B154: ACTIVIDAD INDUSTRIAL | C154: =C44 -> 7747139.7 | Q154: =+Q44/E44*100-100 -> 0.76306564 | R154: =+R44/F44*100-100 -> 0.33749982 | S154: =+S44/G44*100-100 -> 2.901621 | T154: =+T44/H44*100-100 -> 4.5305132 | U154: =+U44/I44*100-100 -> 2.8897792 | V154: =+V44/J44*100-100 -> 4.2604838 | W154: =+W44/K44*100-100 -> 3.3925942 | X154: =+X44/L44*100-100 -> 1.9533279 | ... FP154: =+FP44/FD44*100-100 -> -100
...

Sheet DContriAgreOri
A1: periodo de: | B1: =EDATE(C1,-12) -> 44562 | C1: =EDATE(D1,-12) -> 44927 | D1: =EDATE(E1,-12) -> 45292 | E1: =EDATE(F1,-12) -> 45658 | F1: =DATE(Actualización!$H$3,1,1) -> 46023 | H1: =EDATE(I1,-6) -> 44927 | I1: =EDATE(J1,-6) -> 45108 | J1: =EDATE(K1,-6) -> 45292 | K1: =EDATE(L1,-6) -> 45474 | L1: =EDATE(M1,-6) -> 45658 | M1: =EDATE(N1,-6) -> 45839 | N1: =EDATE(O1,-6) -> 46023 | O1: =DATE(Actualización!$H$3,7,1) -> 46204 | Q1: =EDATE(R1,-3) -> 45292 | R1: =EDATE(S1,-3) -> 45383 | S1: =EDATE(T1,-3) -> 45474 | T1: =EDATE(U1,-3) -> 45566 | U1: =EDATE(V1,-3) -> 45658 | V1: =EDATE(W1,-3) -> 45748 | W1: =EDATE(X1,-3) -> 45839 | X1: =EDATE(Y1,-3) -> 45931 | ... AA1: =EDATE(AB1,-3) -> 46204 | AB1: =DATE(Actualización!$H$3,10,1) -> 46296 | AD1: =EDATE(AE1,-2) -> 45292 | AE1: =EDATE(AF1,-2) -> 45352 | AF1: =EDATE(AG1,-2) -> 45413 | AG1: =EDATE(AH1,-2) -> 45474 | AH1: =EDATE(AI1,-2) -> 45536 | AI1: =EDATE(AJ1,-2) -> 45597 | AJ1: =EDATE(AK1,-2) -> 45658 | AK1: =EDATE(AL1,-2) -> 45717 | ... AT1: =EDATE(AU1,-2) -> 46266 | AU1: =DATE(Actualización!$H$3,11,1) -> 46327 | AW1: Acumular de: | AX1: =DATE(YEAR('Contri ACUM'!$R$10)-1,1,1) -> 45658 | AY1: =DATE(YEAR('Contri ACUM'!$R$10),1,1) -> 46023
A2: al: | B2: =EDATE(C2,-12) -> 44896 | C2: =EDATE(D2,-12) -> 45261 | D2: =EDATE(E2,-12) -> 45627 | E2: =EDATE(F2,-12) -> 45992 | F2: =DATE(Actualización!$H$3,12,1) -> 46357 | H2: =EDATE(I2,-6) -> 45078 | I2: =EDATE(J2,-6) -> 45261 | J2: =EDATE(K2,-6) -> 45444 | K2: =EDATE(L2,-6) -> 45627 | L2: =EDATE(M2,-6) -> 45809 | M2: =EDATE(N2,-6) -> 45992 | N2: =EDATE(O2,-6) -> 46174 | O2: =DATE(Actualización!$H$3,12,1) -> 46357 | Q2: =EDATE(R2,-3) -> 45352 | R2: =EDATE(S2,-3) -> 45444 | S2: =EDATE(T2,-3) -> 45536 | T2: =EDATE(U2,-3) -> 45627 | U2: =EDATE(V2,-3) -> 45717 | V2: =EDATE(W2,-3) -> 45809 | W2: =EDATE(X2,-3) -> 45901 | X2: =EDATE(Y2,-3) -> 45992 | ... AA2: =EDATE(AB2,-3) -> 46266 | AB2: =DATE(Actualización!$H$3,12,1) -> 46357 | AD2: =EDATE(AE2,-2) -> 45323 | AE2: =EDATE(AF2,-2) -> 45383 | AF2: =EDATE(AG2,-2) -> 45444 | AG2: =EDATE(AH2,-2) -> 45505 | AH2: =EDATE(AI2,-2) -> 45566 | AI2: =EDATE(AJ2,-2) -> 45627 | AJ2: =EDATE(AK2,-2) -> 45689 | AK2: =EDATE(AL2,-2) -> 45748 | ... AT2: =EDATE(AU2,-2) -> 46296 | AU2: =DATE(Actualización!$H$3,12,1) -> 46357 | AW2: a: | AX2: =EDATE(AY2,-12) -> 45658 | AY2: =Actualización!D5 -> 46023
B4: Anual | H4: Semestral | Q4: Trimestral | AD4: Bimestral | AX4: Acumulado
A5: Actividad Industrial | B5: {=TRANSPOSE(Actualización!Y6:Y10)} -> 2022 | C5: 2023 | D5: 2024 | E5: 2025 | F5: 2026 | H5: {=TRANSPOSE(Actualización!U7:U14)} -> S I-2023 | I5: S II-2023 | J5: S I-2024 | K5: S II-2024 | L5: S I-2025 | M5: S II-2025 | N5: S I-2026 | O5: S II-2026 | Q5: {=TRANSPOSE(Actualización!J7:J18)} -> 2024-I | R5: 2024-II | S5: 2024-III | T5: 2024-IV | U5: 2025-I | V5: 2025-II | W5: 2025-III | X5: 2025-IV | Y5: 2026-I | Z5: 2026-II | AA5: 2026-III | AB5: 2026-IV | AD5: {=TRANSPOSE(Actualización!N7:N24)} -> Enero-febrero 2024 | AE5: Marzo-abril 2024 | AF5: Mayo-junio 2024 | AG5: Julio-agosto 2024 | AH5: Septiembre-octubre 2024 | AI5: Noviembre-diciembre 2024 | AJ5: Enero-febrero 2025 | AK5: Marzo-abril 2025 | AL5: Mayo-junio 2025 | AM5: Julio-agosto 2025 | AN5: Septiembre-octubre 2025 | AO5: Noviembre-diciembre 2025 | AP5: Enero-febrero 2026 | AQ5: Marzo-abril 2026 | AR5: Mayo-junio 2026 | AS5: Julio-agosto 2026 | AT5: Septiembre-octubre 2026 | AU5: Noviembre-diciembre 2026 | AW5: PIB Actividad Industrial | AX5: =Actualización!Y9 -> 2025 | AY5: =Actualización!Y10 -> 2026
A6: SERIES ORIGINALES | AW6: SERIES ORIGINALES
A7: ACTIVIDAD INDUSTRIAL | B7: =AVERAGEIFS(DContriORI!$E44:$ZZ44,DContriORI!$E$42:$ZZ$42,">="&DContriAgreOri!B$1,DContriORI!$E$42:$ZZ$42,"<="&DContriAgreOri!B$2) -> 7733205 | C7: =AVERAGEIFS(DContriORI!$E44:$ZZ44,DContriORI!$E$42:$ZZ$42,">="&DContriAgreOri!C$1,DContriORI!$E$42:$ZZ$42,"<="&DContriAgreOri!C$2) -> 7962775.6 | D7: =AVERAGEIFS(DContriORI!$E44:$ZZ44,DContriORI!$E$42:$ZZ$42,">="&DContriAgreOri!D$1,DContriORI!$E$42:$ZZ$42,"<="&DContriAgreOri!D$2) -> 7928502.3 | E7: =AVERAGEIFS(DContriORI!$E44:$ZZ44,DContriORI!$E$42:$ZZ$42,">="&DContriAgreOri!E$1,DContriORI!$E$42:$ZZ$42,"<="&DContriAgreOri!E$2) -> 7828174.6 | F7: =AVERAGEIFS(DContriORI!$E44:$ZZ44,DContriORI!$E$42:$ZZ$42,">="&DContriAgreOri!F$1,DContriORI!$E$42:$ZZ$42,"<="&DContriAgreOri!F$2) -> 0 | H7: =AVERAGEIFS(DContriORI!$E44:$ZZ44,DContriORI!$E$42:$ZZ$42,">="&DContriAgreOri!H$1,DContriORI!$E$42:$ZZ$42,"<="&DContriAgreOri!H$2) -> 7879720 | I7: =AVERAGEIFS(DContriORI!$E44:$ZZ44,DContriORI!$E$42:$ZZ$42,">="&DContriAgreOri!I$1,DContriORI!$E$42:$ZZ$42,"<="&DContriAgreOri!I$2) -> 8045831.3 | J7: =AVERAGEIFS(DContriORI!$E44:$ZZ44,DContriORI!$E$42:$ZZ$42,">="&DContriAgreOri!J$1,DContriORI!$E$42:$ZZ$42,"<="&DContriAgreOri!J$2) -> 7917818.1 | K7: =AVERAGEIFS(DContriORI!$E44:$ZZ44,DContriORI!$E$42:$ZZ$42,">="&DContriAgreOri!K$1,DContriORI!$E$42:$ZZ$42,"<="&DContriAgreOri!K$2) -> 7939186.5 | L7: =AVERAGEIFS(DContriORI!$E44:$ZZ44,DContriORI!$E$42:$ZZ$42,">="&DContriAgreOri!L$1,DContriORI!$E$42:$ZZ$42,"<="&DContriAgreOri!L$2) -> 7809590.2 | M7: =AVERAGEIFS(DContriORI!$E44:$ZZ44,DContriORI!$E$42:$ZZ$42,">="&DContriAgreOri!M$1,DContriORI!$E$42:$ZZ$42,"<="&DContriAgreOri!M$2) -> 7846759 | N7: =AVERAGEIFS(DContriORI!$E44:$ZZ44,DContriORI!$E$42:$ZZ$42,">="&DContriAgreOri!N$1,DContriORI!$E$42:$ZZ$42,"<="&DContriAgreOri!N$2) -> 0 | O7: =AVERAGEIFS(DContriORI!$E44:$ZZ44,DContriORI!$E$42:$ZZ$42,">="&DContriAgreOri!O$1,DContriORI!$E$42:$ZZ$42,"<="&DContriAgreOri!O$2) -> 0 | Q7: =AVERAGEIFS(DContriORI!$E44:$ZZ44,DContriORI!$E$42:$ZZ$42,">="&DContriAgreOri!Q$1,DContriORI!$E$42:$ZZ$42,"<="&DContriAgreOri!Q$2) -> 7809081 | R7: =AVERAGEIFS(DContriORI!$E44:$ZZ44,DContriORI!$E$42:$ZZ$42,">="&DContriAgreOri!R$1,DContriORI!$E$42:$ZZ$42,"<="&DContriAgreOri!R$2) -> 8026555.3 | S7: =AVERAGEIFS(DContriORI!$E44:$ZZ44,DContriORI!$E$42:$ZZ$42,">="&DContriAgreOri!S$1,DContriORI!$E$42:$ZZ$42,"<="&DContriAgreOri!S$2) -> 8037568.4 | T7: =AVERAGEIFS(DContriORI!$E44:$ZZ44,DContriORI!$E$42:$ZZ$42,">="&DContriAgreOri!T$1,DContriORI!$E$42:$ZZ$42,"<="&DContriAgreOri!T$2) -> 7840804.6 | U7: =AVERAGEIFS(DContriORI!$E44:$ZZ44,DContriORI!$E$42:$ZZ$42,">="&DContriAgreOri!U$1,DContriORI!$E$42:$ZZ$42,"<="&DContriAgreOri!U$2) -> 7724890.5 | V7: =AVERAGEIFS(DContriORI!$E44:$ZZ44,DContriORI!$E$42:$ZZ$42,">="&DContriAgreOri!V$1,DContriORI!$E$42:$ZZ$42,"<="&DContriAgreOri!V$2) -> 7894289.8 | W7: =AVERAGEIFS(DContriORI!$E44:$ZZ44,DContriORI!$E$42:$ZZ$42,">="&DContriAgreOri!W$1,DContriORI!$E$42:$ZZ$42,"<="&DContriAgreOri!W$2) -> 7820056.6 | X7: =AVERAGEIFS(DContriORI!$E44:$ZZ44,DContriORI!$E$42:$ZZ$42,">="&DContriAgreOri!X$1,DContriORI!$E$42:$ZZ$42,"<="&DContriAgreOri!X$2) -> 7873461.5 | ... AB7: =AVERAGEIFS(DContriORI!$E44:$ZZ44,DContriORI!$E$42:$ZZ$42,">="&DContriAgreOri!AB$1,DContriORI!$E$42:$ZZ$42,"<="&DContriAgreOri!AB$2) -> 0 | AD7: =AVERAGEIFS(DContriORI!$E44:$ZZ44,DContriORI!$E$42:$ZZ$42,">="&DContriAgreOri!AD$1,DContriORI!$E$42:$ZZ$42,"<="&DContriAgreOri!AD$2) -> 7761278 | AE7: =AVERAGEIFS(DContriORI!$E44:$ZZ44,DContriORI!$E$42:$ZZ$42,">="&DContriAgreOri!AE$1,DContriORI!$E$42:$ZZ$42,"<="&DContriAgreOri!AE$2) -> 7998062.3 | AF7: =AVERAGEIFS(DContriORI!$E44:$ZZ44,DContriORI!$E$42:$ZZ$42,">="&DContriAgreOri!AF$1,DContriORI!$E$42:$ZZ$42,"<="&DContriAgreOri!AF$2) -> 7994114 | AG7: =AVERAGEIFS(DContriORI!$E44:$ZZ44,DContriORI!$E$42:$ZZ$42,">="&DContriAgreOri!AG$1,DContriORI!$E$42:$ZZ$42,"<="&DContriAgreOri!AG$2) -> 8104815.6 | AH7: =AVERAGEIFS(DContriORI!$E44:$ZZ44,DContriORI!$E$42:$ZZ$42,">="&DContriAgreOri!AH$1,DContriORI!$E$42:$ZZ$42,"<="&DContriAgreOri!AH$2) -> 8025739 | AI7: =AVERAGEIFS(DContriORI!$E44:$ZZ44,DContriORI!$E$42:$ZZ$42,">="&DContriAgreOri!AI$1,DContriORI!$E$42:$ZZ$42,"<="&DContriAgreOri!AI$2) -> 7687004.9 | AJ7: =AVERAGEIFS(DContriORI!$E44:$ZZ44,DContriORI!$E$42:$ZZ$42,">="&DContriAgreOri!AJ$1,DContriORI!$E$42:$ZZ$42,"<="&DContriAgreOri!AJ$2) -> 7551162.2 | AK7: =AVERAGEIFS(DContriORI!$E44:$ZZ44,DContriORI!$E$42:$ZZ$42,">="&DContriAgreOri!AK$1,DContriORI!$E$42:$ZZ$42,"<="&DContriAgreOri!AK$2) -> 7918979.8 | ... AU7: =AVERAGEIFS(DContriORI!$E44:$ZZ44,DContriORI!$E$42:$ZZ$42,">="&DContriAgreOri!AU$1,DContriORI!$E$42:$ZZ$42,"<="&DContriAgreOri!AU$2) -> 0 | AW7: ACTIVIDAD INDUSTRIAL | AX7: =AVERAGEIFS(DContriORI!$E44:$ZZ44,DContriORI!$E$42:$ZZ$42,">="&DContriAgreOri!AX$1,DContriORI!$E$42:$ZZ$42,"<="&DContriAgreOri!AX$2) -> 7578935.5 | AY7: =AVERAGEIFS(DContriORI!$E44:$ZZ44,DContriORI!$E$42:$ZZ$42,">="&DContriAgreOri!AY$1,DContriORI!$E$42:$ZZ$42,"<="&DContriAgreOri!AY$2) -> 0
A8: Industria Minera | B8: =AVERAGEIFS(DContriORI!$E45:$ZZ45,DContriORI!$E$42:$ZZ$42,">="&DContriAgreOri!B$1,DContriORI!$E$42:$ZZ$42,"<="&DContriAgreOri!B$2) -> 954107.17 | C8: =AVERAGEIFS(DContriORI!$E45:$ZZ45,DContriORI!$E$42:$ZZ$42,">="&DContriAgreOri!C$1,DContriORI!$E$42:$ZZ$42,"<="&DContriAgreOri!C$2) -> 958259.58 | D8: =AVERAGEIFS(DContriORI!$E45:$ZZ45,DContriORI!$E$42:$ZZ$42,">="&DContriAgreOri!D$1,DContriORI!$E$42:$ZZ$42,"<="&DContriAgreOri!D$2) -> 890253.13 | E8: =AVERAGEIFS(DContriORI!$E45:$ZZ45,DContriORI!$E$42:$ZZ$42,">="&DContriAgreOri!E$1,DContriORI!$E$42:$ZZ$42,"<="&DContriAgreOri!E$2) -> 832562.23 | F8: =AVERAGEIFS(DContriORI!$E45:$ZZ45,DContriORI!$E$42:$ZZ$42,">="&DContriAgreOri!F$1,DContriORI!$E$42:$ZZ$42,"<="&DContriAgreOri!F$2) -> 0 | H8: =AVERAGEIFS(DContriORI!$E45:$ZZ45,DContriORI!$E$42:$ZZ$42,">="&DContriAgreOri!H$1,DContriORI!$E$42:$ZZ$42,"<="&DContriAgreOri!H$2) -> 969828.81 | I8: =AVERAGEIFS(DContriORI!$E45:$ZZ45,DContriORI!$E$42:$ZZ$42,">="&DContriAgreOri!I$1,DContriORI!$E$42:$ZZ$42,"<="&DContriAgreOri!I$2) -> 946690.35 | J8: =AVERAGEIFS(DContriORI!$E45:$ZZ45,DContriORI!$E$42:$ZZ$42,">="&DContriAgreOri!J$1,DContriORI!$E$42:$ZZ$42,"<="&DContriAgreOri!J$2) -> 906276.02 | K8: =AVERAGEIFS(DContriORI!$E45:$ZZ45,DContriORI!$E$42:$ZZ$42,">="&DContriAgreOri!K$1,DContriORI!$E$42:$ZZ$42,"<="&DContriAgreOri!K$2) -> 874230.23 | L8: =AVERAGEIFS(DContriORI!$E45:$ZZ45,DContriORI!$E$42:$ZZ$42,">="&DContriAgreOri!L$1,DContriORI!$E$42:$ZZ$42,"<="&DContriAgreOri!L$2) -> 814585.73 | M8: =AVERAGEIFS(DContriORI!$E45:$ZZ45,DContriORI!$E$42:$ZZ$42,">="&DContriAgreOri!M$1,DContriORI!$E$42:$ZZ$42,"<="&DContriAgreOri!M$2) -> 850538.73 | N8: =AVERAGEIFS(DContriORI!$E45:$ZZ45,DContriORI!$E$42:$ZZ$42,">="&DContriAgreOri!N$1,DContriORI!$E$42:$ZZ$42,"<="&DContriAgreOri!N$2) -> 0 | O8: =AVERAGEIFS(DContriORI!$E45:$ZZ45,DContriORI!$E$42:$ZZ$42,">="&DContriAgreOri!O$1,DContriORI!$E$42:$ZZ$42,"<="&DContriAgreOri!O$2) -> 0 | Q8: =AVERAGEIFS(DContriORI!$E45:$ZZ45,DContriORI!$E$42:$ZZ$42,">="&DContriAgreOri!Q$1,DContriORI!$E$42:$ZZ$42,"<="&DContriAgreOri!Q$2) -> 927954.59 | R8: =AVERAGEIFS(DContriORI!$E45:$ZZ45,DContriORI!$E$42:$ZZ$42,">="&DContriAgreOri!R$1,DContriORI!$E$42:$ZZ$42,"<="&DContriAgreOri!R$2) -> 884597.46 | S8: =AVERAGEIFS(DContriORI!$E45:$ZZ45,DContriORI!$E$42:$ZZ$42,">="&DContriAgreOri!S$1,DContriORI!$E$42:$ZZ$42,"<="&DContriAgreOri!S$2) -> 885451.03 | T8: =AVERAGEIFS(DContriORI!$E45:$ZZ45,DContriORI!$E$42:$ZZ$42,">="&DContriAgreOri!T$1,DContriORI!$E$42:$ZZ$42,"<="&DContriAgreOri!T$2) -> 863009.43 | U8: =AVERAGEIFS(DContriORI!$E45:$ZZ45,DContriORI!$E$42:$ZZ$42,">="&DContriAgreOri!U$1,DContriORI!$E$42:$ZZ$42,"<="&DContriAgreOri!U$2) -> 818381.02 | V8: =AVERAGEIFS(DContriORI!$E45:$ZZ45,DContriORI!$E$42:$ZZ$42,">="&DContriAgreOri!V$1,DContriORI!$E$42:$ZZ$42,"<="&DContriAgreOri!V$2) -> 810790.44 | W8: =AVERAGEIFS(DContriORI!$E45:$ZZ45,DContriORI!$E$42:$ZZ$42,">="&DContriAgreOri!W$1,DContriORI!$E$42:$ZZ$42,"<="&DContriAgreOri!W$2) -> 841234.86 | X8: =AVERAGEIFS(DContriORI!$E45:$ZZ45,DContriORI!$E$42:$ZZ$42,">="&DContriAgreOri!X$1,DContriORI!$E$42:$ZZ$42,"<="&DContriAgreOri!X$2) -> 859842.6 | ... AB8: =AVERAGEIFS(DContriORI!$E45:$ZZ45,DContriORI!$E$42:$ZZ$42,">="&DContriAgreOri!AB$1,DContriORI!$E$42:$ZZ$42,"<="&DContriAgreOri!AB$2) -> 0 | AD8: =AVERAGEIFS(DContriORI!$E45:$ZZ45,DContriORI!$E$42:$ZZ$42,">="&DContriAgreOri!AD$1,DContriORI!$E$42:$ZZ$42,"<="&DContriAgreOri!AD$2) -> 943108.8 | AE8: =AVERAGEIFS(DContriORI!$E45:$ZZ45,DContriORI!$E$42:$ZZ$42,">="&DContriAgreOri!AE$1,DContriORI!$E$42:$ZZ$42,"<="&DContriAgreOri!AE$2) -> 889685.36 | AF8: =AVERAGEIFS(DContriORI!$E45:$ZZ45,DContriORI!$E$42:$ZZ$42,">="&DContriAgreOri!AF$1,DContriORI!$E$42:$ZZ$42,"<="&DContriAgreOri!AF$2) -> 886033.91 | AG8: =AVERAGEIFS(DContriORI!$E45:$ZZ45,DContriORI!$E$42:$ZZ$42,">="&DContriAgreOri!AG$1,DContriORI!$E$42:$ZZ$42,"<="&DContriAgreOri!AG$2) -> 901891.42 | AH8: =AVERAGEIFS(DContriORI!$E45:$ZZ45,DContriORI!$E$42:$ZZ$42,">="&DContriAgreOri!AH$1,DContriORI!$E$42:$ZZ$42,"<="&DContriAgreOri!AH$2) -> 856418.31 | AI8: =AVERAGEIFS(DContriORI!$E45:$ZZ45,DContriORI!$E$42:$ZZ$42,">="&DContriAgreOri!AI$1,DContriORI!$E$42:$ZZ$42,"<="&DContriAgreOri!AI$2) -> 864380.96 | AJ8: =AVERAGEIFS(DContriORI!$E45:$ZZ45,DContriORI!$E$42:$ZZ$42,">="&DContriAgreOri!AJ$1,DContriORI!$E$42:$ZZ$42,"<="&DContriAgreOri!AJ$2) -> 823080.71 | AK8: =AVERAGEIFS(DContriORI!$E45:$ZZ45,DContriORI!$E$42:$ZZ$42,">="&DContriAgreOri!AK$1,DContriORI!$E$42:$ZZ$42,"<="&DContriAgreOri!AK$2) -> 809220.7 | ... AU8: =AVERAGEIFS(DContriORI!$E45:$ZZ45,DContriORI!$E$42:$ZZ$42,">="&DContriAgreOri!AU$1,DContriORI!$E$42:$ZZ$42,"<="&DContriAgreOri!AU$2) -> 0 | AW8: Industria Minera | AX8: =AVERAGEIFS(DContriORI!$E45:$ZZ45,DContriORI!$E$42:$ZZ$42,">="&DContriAgreOri!AX$1,DContriORI!$E$42:$ZZ$42,"<="&DContriAgreOri!AX$2) -> 852184.29 | AY8: =AVERAGEIFS(DContriORI!$E45:$ZZ45,DContriORI!$E$42:$ZZ$42,">="&DContriAgreOri!AY$1,DContriORI!$E$42:$ZZ$42,"<="&DContriAgreOri!AY$2) -> 0
A9: Electricidad, agua y suministro de gas por ductos al consumidor fina | B9: =AVERAGEIFS(DContriORI!$E46:$ZZ46,DContriORI!$E$42:$ZZ$42,">="&DContriAgreOri!B$1,DContriORI!$E$42:$ZZ$42,"<="&DContriAgreOri!B$2) -> 322410.87 | C9: =AVERAGEIFS(DContriORI!$E46:$ZZ46,DContriORI!$E$42:$ZZ$42,">="&DContriAgreOri!C$1,DContriORI!$E$42:$ZZ$42,"<="&DContriAgreOri!C$2) -> 314511.84 | D9: =AVERAGEIFS(DContriORI!$E46:$ZZ46,DContriORI!$E$42:$ZZ$42,">="&DContriAgreOri!D$1,DContriORI!$E$42:$ZZ$42,"<="&DContriAgreOri!D$2) -> 307224.22 | E9: =AVERAGEIFS(DContriORI!$E46:$ZZ46,DContriORI!$E$42:$ZZ$42,">="&DContriAgreOri!E$1,DContriORI!$E$42:$ZZ$42,"<="&DContriAgreOri!E$2) -> 306446.88 | F9: =AVERAGEIFS(DContriORI!$E46:$ZZ46,DContriORI!$E$42:$ZZ$42,">="&DContriAgreOri!F$1,DContriORI!$E$42:$ZZ$42,"<="&DContriAgreOri!F$2) -> 0 | H9: =AVERAGEIFS(DContriORI!$E46:$ZZ46,DContriORI!$E$42:$ZZ$42,">="&DContriAgreOri!H$1,DContriORI!$E$42:$ZZ$42,"<="&DContriAgreOri!H$2) -> 302744.51 | I9: =AVERAGEIFS(DContriORI!$E46:$ZZ46,DContriORI!$E$42:$ZZ$42,">="&DContriAgreOri!I$1,DContriORI!$E$42:$ZZ$42,"<="&DContriAgreOri!I$2) -> 326279.17 | J9: =AVERAGEIFS(DContriORI!$E46:$ZZ46,DContriORI!$E$42:$ZZ$42,">="&DContriAgreOri!J$1,DContriORI!$E$42:$ZZ$42,"<="&DContriAgreOri!J$2) -> 294488.89 | K9: =AVERAGEIFS(DContriORI!$E46:$ZZ46,DContriORI!$E$42:$ZZ$42,">="&DContriAgreOri!K$1,DContriORI!$E$42:$ZZ$42,"<="&DContriAgreOri!K$2) -> 319959.54 | L9: =AVERAGEIFS(DContriORI!$E46:$ZZ46,DContriORI!$E$42:$ZZ$42,">="&DContriAgreOri!L$1,DContriORI!$E$42:$ZZ$42,"<="&DContriAgreOri!L$2) -> 291780.51 | M9: =AVERAGEIFS(DContriORI!$E46:$ZZ46,DContriORI!$E$42:$ZZ$42,">="&DContriAgreOri!M$1,DContriORI!$E$42:$ZZ$42,"<="&DContriAgreOri!M$2) -> 321113.25 | N9: =AVERAGEIFS(DContriORI!$E46:$ZZ46,DContriORI!$E$42:$ZZ$42,">="&DContriAgreOri!N$1,DContriORI!$E$42:$ZZ$42,"<="&DContriAgreOri!N$2) -> 0 | O9: =AVERAGEIFS(DContriORI!$E46:$ZZ46,DContriORI!$E$42:$ZZ$42,">="&DContriAgreOri!O$1,DContriORI!$E$42:$ZZ$42,"<="&DContriAgreOri!O$2) -> 0 | Q9: =AVERAGEIFS(DContriORI!$E46:$ZZ46,DContriORI!$E$42:$ZZ$42,">="&DContriAgreOri!Q$1,DContriORI!$E$42:$ZZ$42,"<="&DContriAgreOri!Q$2) -> 276434.68 | R9: =AVERAGEIFS(DContriORI!$E46:$ZZ46,DContriORI!$E$42:$ZZ$42,">="&DContriAgreOri!R$1,DContriORI!$E$42:$ZZ$42,"<="&DContriAgreOri!R$2) -> 312543.1 | S9: =AVERAGEIFS(DContriORI!$E46:$ZZ46,DContriORI!$E$42:$ZZ$42,">="&DContriAgreOri!S$1,DContriORI!$E$42:$ZZ$42,"<="&DContriAgreOri!S$2) -> 335832.45 | T9: =AVERAGEIFS(DContriORI!$E46:$ZZ46,DContriORI!$E$42:$ZZ$42,">="&DContriAgreOri!T$1,DContriORI!$E$42:$ZZ$42,"<="&DContriAgreOri!T$2) -> 304086.63 | U9: =AVERAGEIFS(DContriORI!$E46:$ZZ46,DContriORI!$E$42:$ZZ$42,">="&DContriAgreOri!U$1,DContriORI!$E$42:$ZZ$42,"<="&DContriAgreOri!U$2) -> 277753.61 | V9: =AVERAGEIFS(DContriORI!$E46:$ZZ46,DContriORI!$E$42:$ZZ$42,">="&DContriAgreOri!V$1,DContriORI!$E$42:$ZZ$42,"<="&DContriAgreOri!V$2) -> 305807.41 | W9: =AVERAGEIFS(DContriORI!$E46:$ZZ46,DContriORI!$E$42:$ZZ$42,">="&DContriAgreOri!W$1,DContriORI!$E$42:$ZZ$42,"<="&DContriAgreOri!W$2) -> 331118.93 | X9: =AVERAGEIFS(DContriORI!$E46:$ZZ46,DContriORI!$E$42:$ZZ$42,">="&DContriAgreOri!X$1,DContriORI!$E$42:$ZZ$42,"<="&DContriAgreOri!X$2) -> 311107.58 | ... AB9: =AVERAGEIFS(DContriORI!$E46:$ZZ46,DContriORI!$E$42:$ZZ$42,">="&DContriAgreOri!AB$1,DContriORI!$E$42:$ZZ$42,"<="&DContriAgreOri!AB$2) -> 0 | AD9: =AVERAGEIFS(DContriORI!$E46:$ZZ46,DContriORI!$E$42:$ZZ$42,">="&DContriAgreOri!AD$1,DContriORI!$E$42:$ZZ$42,"<="&DContriAgreOri!AD$2) -> 270381.52 | AE9: =AVERAGEIFS(DContriORI!$E46:$ZZ46,DContriORI!$E$42:$ZZ$42,">="&DContriAgreOri!AE$1,DContriORI!$E$42:$ZZ$42,"<="&DContriAgreOri!AE$2) -> 287428.56 | AF9: =AVERAGEIFS(DContriORI!$E46:$ZZ46,DContriORI!$E$42:$ZZ$42,">="&DContriAgreOri!AF$1,DContriORI!$E$42:$ZZ$42,"<="&DContriAgreOri!AF$2) -> 325656.59 | AG9: =AVERAGEIFS(DContriORI!$E46:$ZZ46,DContriORI!$E$42:$ZZ$42,">="&DContriAgreOri!AG$1,DContriORI!$E$42:$ZZ$42,"<="&DContriAgreOri!AG$2) -> 339752.38 | AH9: =AVERAGEIFS(DContriORI!$E46:$ZZ46,DContriORI!$E$42:$ZZ$42,">="&DContriAgreOri!AH$1,DContriORI!$E$42:$ZZ$42,"<="&DContriAgreOri!AH$2) -> 325772.02 | AI9: =AVERAGEIFS(DContriORI!$E46:$ZZ46,DContriORI!$E$42:$ZZ$42,">="&DContriAgreOri!AI$1,DContriORI!$E$42:$ZZ$42,"<="&DContriAgreOri!AI$2) -> 294354.23 | AJ9: =AVERAGEIFS(DContriORI!$E46:$ZZ46,DContriORI!$E$42:$ZZ$42,">="&DContriAgreOri!AJ$1,DContriORI!$E$42:$ZZ$42,"<="&DContriAgreOri!AJ$2) -> 273117.54 | AK9: =AVERAGEIFS(DContriORI!$E46:$ZZ46,DContriORI!$E$42:$ZZ$42,">="&DContriAgreOri!AK$1,DContriORI!$E$42:$ZZ$42,"<="&DContriAgreOri!AK$2) -> 285687.52 | ... AU9: =AVERAGEIFS(DContriORI!$E46:$ZZ46,DContriORI!$E$42:$ZZ$42,">="&DContriAgreOri!AU$1,DContriORI!$E$42:$ZZ$42,"<="&DContriAgreOri!AU$2) -> 0 | AW9: Electricidad, agua y suministro de gas por ductos al consumidor fina | AX9: =AVERAGEIFS(DContriORI!$E46:$ZZ46,DContriORI!$E$42:$ZZ$42,">="&DContriAgreOri!AX$1,DContriORI!$E$42:$ZZ$42,"<="&DContriAgreOri!AX$2) -> 276962.58 | AY9: =AVERAGEIFS(DContriORI!$E46:$ZZ46,DContriORI!$E$42:$ZZ$42,">="&DContriAgreOri!AY$1,DContriORI!$E$42:$ZZ$42,"<="&DContriAgreOri!AY$2) -> 0
A10: Construcción | B10: =AVERAGEIFS(DContriORI!$E47:$ZZ47,DContriORI!$E$42:$ZZ$42,">="&DContriAgreOri!B$1,DContriORI!$E$42:$ZZ$42,"<="&DContriAgreOri!B$2) -> 1312765.6 | C10: =AVERAGEIFS(DContriORI!$E47:$ZZ47,DContriORI!$E$42:$ZZ$42,">="&DContriAgreOri!C$1,DContriORI!$E$42:$ZZ$42,"<="&DContriAgreOri!C$2) -> 1473204 | D10: =AVERAGEIFS(DContriORI!$E47:$ZZ47,DContriORI!$E$42:$ZZ$42,">="&DContriAgreOri!D$1,DContriORI!$E$42:$ZZ$42,"<="&DContriAgreOri!D$2) -> 1517047.4 | E10: =AVERAGEIFS(DContriORI!$E47:$ZZ47,DContriORI!$E$42:$ZZ$42,">="&DContriAgreOri!E$1,DContriORI!$E$42:$ZZ$42,"<="&DContriAgreOri!E$2) -> 1501975.2 | F10: =AVERAGEIFS(DContriORI!$E47:$ZZ47,DContriORI!$E$42:$ZZ$42,">="&DContriAgreOri!F$1,DContriORI!$E$42:$ZZ$42,"<="&DContriAgreOri!F$2) -> 0 | H10: =AVERAGEIFS(DContriORI!$E47:$ZZ47,DContriORI!$E$42:$ZZ$42,">="&DContriAgreOri!H$1,DContriORI!$E$42:$ZZ$42,"<="&DContriAgreOri!H$2) -> 1378916.5 | I10: =AVERAGEIFS(DContriORI!$E47:$ZZ47,DContriORI!$E$42:$ZZ$42,">="&DContriAgreOri!I$1,DContriORI!$E$42:$ZZ$42,"<="&DContriAgreOri!I$2) -> 1567491.6 | J10: =AVERAGEIFS(DContriORI!$E47:$ZZ47,DContriORI!$E$42:$ZZ$42,">="&DContriAgreOri!J$1,DContriORI!$E$42:$ZZ$42,"<="&DContriAgreOri!J$2) -> 1506141 | K10: =AVERAGEIFS(DContriORI!$E47:$ZZ47,DContriORI!$E$42:$ZZ$42,">="&DContriAgreOri!K$1,DContriORI!$E$42:$ZZ$42,"<="&DContriAgreOri!K$2) -> 1527953.8 | L10: =AVERAGEIFS(DContriORI!$E47:$ZZ47,DContriORI!$E$42:$ZZ$42,">="&DContriAgreOri!L$1,DContriORI!$E$42:$ZZ$42,"<="&DContriAgreOri!L$2) -> 1479521.7 | M10: =AVERAGEIFS(DContriORI!$E47:$ZZ47,DContriORI!$E$42:$ZZ$42,">="&DContriAgreOri!M$1,DContriORI!$E$42:$ZZ$42,"<="&DContriAgreOri!M$2) -> 1524428.6 | N10: =AVERAGEIFS(DContriORI!$E47:$ZZ47,DContriORI!$E$42:$ZZ$42,">="&DContriAgreOri!N$1,DContriORI!$E$42:$ZZ$42,"<="&DContriAgreOri!N$2) -> 0 | O10: =AVERAGEIFS(DContriORI!$E47:$ZZ47,DContriORI!$E$42:$ZZ$42,">="&DContriAgreOri!O$1,DContriORI!$E$42:$ZZ$42,"<="&DContriAgreOri!O$2) -> 0 | Q10: =AVERAGEIFS(DContriORI!$E47:$ZZ47,DContriORI!$E$42:$ZZ$42,">="&DContriAgreOri!Q$1,DContriORI!$E$42:$ZZ$42,"<="&DContriAgreOri!Q$2) -> 1461026.3 | R10: =AVERAGEIFS(DContriORI!$E47:$ZZ47,DContriORI!$E$42:$ZZ$42,">="&DContriAgreOri!R$1,DContriORI!$E$42:$ZZ$42,"<="&DContriAgreOri!R$2) -> 1551255.6 | S10: =AVERAGEIFS(DContriORI!$E47:$ZZ47,DContriORI!$E$42:$ZZ$42,">="&DContriAgreOri!S$1,DContriORI!$E$42:$ZZ$42,"<="&DContriAgreOri!S$2) -> 1528224.6 | T10: =AVERAGEIFS(DContriORI!$E47:$ZZ47,DContriORI!$E$42:$ZZ$42,">="&DContriAgreOri!T$1,DContriORI!$E$42:$ZZ$42,"<="&DContriAgreOri!T$2) -> 1527683 | U10: =AVERAGEIFS(DContriORI!$E47:$ZZ47,DContriORI!$E$42:$ZZ$42,">="&DContriAgreOri!U$1,DContriORI!$E$42:$ZZ$42,"<="&DContriAgreOri!U$2) -> 1441182.3 | V10: =AVERAGEIFS(DContriORI!$E47:$ZZ47,DContriORI!$E$42:$ZZ$42,">="&DContriAgreOri!V$1,DContriORI!$E$42:$ZZ$42,"<="&DContriAgreOri!V$2) -> 1517861.1 | W10: =AVERAGEIFS(DContriORI!$E47:$ZZ47,DContriORI!$E$42:$ZZ$42,">="&DContriAgreOri!W$1,DContriORI!$E$42:$ZZ$42,"<="&DContriAgreOri!W$2) -> 1456197.6 | X10: =AVERAGEIFS(DContriORI!$E47:$ZZ47,DContriORI!$E$42:$ZZ$42,">="&DContriAgreOri!X$1,DContriORI!$E$42:$ZZ$42,"<="&DContriAgreOri!X$2) -> 1592659.7 | ... AB10: =AVERAGEIFS(DContriORI!$E47:$ZZ47,DContriORI!$E$42:$ZZ$42,">="&DContriAgreOri!AB$1,DContriORI!$E$42:$ZZ$42,"<="&DContriAgreOri!AB$2) -> 0 | AD10: =AVERAGEIFS(DContriORI!$E47:$ZZ47,DContriORI!$E$42:$ZZ$42,">="&DContriAgreOri!AD$1,DContriORI!$E$42:$ZZ$42,"<="&DContriAgreOri!AD$2) -> 1449252.1 | AE10: =AVERAGEIFS(DContriORI!$E47:$ZZ47,DContriORI!$E$42:$ZZ$42,">="&DContriAgreOri!AE$1,DContriORI!$E$42:$ZZ$42,"<="&DContriAgreOri!AE$2) -> 1540401.3 | AF10: =AVERAGEIFS(DContriORI!$E47:$ZZ47,DContriORI!$E$42:$ZZ$42,">="&DContriAgreOri!AF$1,DContriORI!$E$42:$ZZ$42,"<="&DContriAgreOri!AF$2) -> 1528769.5 | AG10: =AVERAGEIFS(DContriORI!$E47:$ZZ47,DContriORI!$E$42:$ZZ$42,">="&DContriAgreOri!AG$1,DContriORI!$E$42:$ZZ$42,"<="&DContriAgreOri!AG$2) -> 1543303.6 | AH10: =AVERAGEIFS(DContriORI!$E47:$ZZ47,DContriORI!$E$42:$ZZ$42,">="&DContriAgreOri!AH$1,DContriORI!$E$42:$ZZ$42,"<="&DContriAgreOri!AH$2) -> 1517267.7 | AI10: =AVERAGEIFS(DContriORI!$E47:$ZZ47,DContriORI!$E$42:$ZZ$42,">="&DContriAgreOri!AI$1,DContriORI!$E$42:$ZZ$42,"<="&DContriAgreOri!AI$2) -> 1523290 | AJ10: =AVERAGEIFS(DContriORI!$E47:$ZZ47,DContriORI!$E$42:$ZZ$42,">="&DContriAgreOri!AJ$1,DContriORI!$E$42:$ZZ$42,"<="&DContriAgreOri!AJ$2) -> 1380188.9 | AK10: =AVERAGEIFS(DContriORI!$E47:$ZZ47,DContriORI!$E$42:$ZZ$42,">="&DContriAgreOri!AK$1,DContriORI!$E$42:$ZZ$42,"<="&DContriAgreOri!AK$2) -> 1515702.5 | ... AU10: =AVERAGEIFS(DContriORI!$E47:$ZZ47,DContriORI!$E$42:$ZZ$42,">="&DContriAgreOri!AU$1,DContriORI!$E$42:$ZZ$42,"<="&DContriAgreOri!AU$2) -> 0 | AW10: Construcción | AX10: =AVERAGEIFS(DContriORI!$E47:$ZZ47,DContriORI!$E$42:$ZZ$42,">="&DContriAgreOri!AX$1,DContriORI!$E$42:$ZZ$42,"<="&DContriAgreOri!AX$2) -> 1381408.3 | AY10: =AVERAGEIFS(DContriORI!$E47:$ZZ47,DContriORI!$E$42:$ZZ$42,">="&DContriAgreOri!AY$1,DContriORI!$E$42:$ZZ$42,"<="&DContriAgreOri!AY$2) -> 0
A11: Total industrias manufactureras | B11: =AVERAGEIFS(DContriORI!$E48:$ZZ48,DContriORI!$E$42:$ZZ$42,">="&DContriAgreOri!B$1,DContriORI!$E$42:$ZZ$42,"<="&DContriAgreOri!B$2) -> 5143921.4 | C11: =AVERAGEIFS(DContriORI!$E48:$ZZ48,DContriORI!$E$42:$ZZ$42,">="&DContriAgreOri!C$1,DContriORI!$E$42:$ZZ$42,"<="&DContriAgreOri!C$2) -> 5216800.2 | D11: =AVERAGEIFS(DContriORI!$E48:$ZZ48,DContriORI!$E$42:$ZZ$42,">="&DContriAgreOri!D$1,DContriORI!$E$42:$ZZ$42,"<="&DContriAgreOri!D$2) -> 5213977.6 | E11: =AVERAGEIFS(DContriORI!$E48:$ZZ48,DContriORI!$E$42:$ZZ$42,">="&DContriAgreOri!E$1,DContriORI!$E$42:$ZZ$42,"<="&DContriAgreOri!E$2) -> 5187190.3 | F11: =AVERAGEIFS(DContriORI!$E48:$ZZ48,DContriORI!$E$42:$ZZ$42,">="&DContriAgreOri!F$1,DContriORI!$E$42:$ZZ$42,"<="&DContriAgreOri!F$2) -> 0 | H11: =AVERAGEIFS(DContriORI!$E48:$ZZ48,DContriORI!$E$42:$ZZ$42,">="&DContriAgreOri!H$1,DContriORI!$E$42:$ZZ$42,"<="&DContriAgreOri!H$2) -> 5228230.1 | I11: =AVERAGEIFS(DContriORI!$E48:$ZZ48,DContriORI!$E$42:$ZZ$42,">="&DContriAgreOri!I$1,DContriORI!$E$42:$ZZ$42,"<="&DContriAgreOri!I$2) -> 5205370.3 | J11: =AVERAGEIFS(DContriORI!$E48:$ZZ48,DContriORI!$E$42:$ZZ$42,">="&DContriAgreOri!J$1,DContriORI!$E$42:$ZZ$42,"<="&DContriAgreOri!J$2) -> 5210912.2 | K11: =AVERAGEIFS(DContriORI!$E48:$ZZ48,DContriORI!$E$42:$ZZ$42,">="&DContriAgreOri!K$1,DContriORI!$E$42:$ZZ$42,"<="&DContriAgreOri!K$2) -> 5217042.9 | L11: =AVERAGEIFS(DContriORI!$E48:$ZZ48,DContriORI!$E$42:$ZZ$42,">="&DContriAgreOri!L$1,DContriORI!$E$42:$ZZ$42,"<="&DContriAgreOri!L$2) -> 5223702.2 | M11: =AVERAGEIFS(DContriORI!$E48:$ZZ48,DContriORI!$E$42:$ZZ$42,">="&DContriAgreOri!M$1,DContriORI!$E$42:$ZZ$42,"<="&DContriAgreOri!M$2) -> 5150678.4 | N11: =AVERAGEIFS(DContriORI!$E48:$ZZ48,DContriORI!$E$42:$ZZ$42,">="&DContriAgreOri!N$1,DContriORI!$E$42:$ZZ$42,"<="&DContriAgreOri!N$2) -> 0 | O11: =AVERAGEIFS(DContriORI!$E48:$ZZ48,DContriORI!$E$42:$ZZ$42,">="&DContriAgreOri!O$1,DContriORI!$E$42:$ZZ$42,"<="&DContriAgreOri!O$2) -> 0 | Q11: =AVERAGEIFS(DContriORI!$E48:$ZZ48,DContriORI!$E$42:$ZZ$42,">="&DContriAgreOri!Q$1,DContriORI!$E$42:$ZZ$42,"<="&DContriAgreOri!Q$2) -> 5143665.4 | R11: =AVERAGEIFS(DContriORI!$E48:$ZZ48,DContriORI!$E$42:$ZZ$42,">="&DContriAgreOri!R$1,DContriORI!$E$42:$ZZ$42,"<="&DContriAgreOri!R$2) -> 5278159.1 | S11: =AVERAGEIFS(DContriORI!$E48:$ZZ48,DContriORI!$E$42:$ZZ$42,">="&DContriAgreOri!S$1,DContriORI!$E$42:$ZZ$42,"<="&DContriAgreOri!S$2) -> 5288060.4 | T11: =AVERAGEIFS(DContriORI!$E48:$ZZ48,DContriORI!$E$42:$ZZ$42,">="&DContriAgreOri!T$1,DContriORI!$E$42:$ZZ$42,"<="&DContriAgreOri!T$2) -> 5146025.5 | U11: =AVERAGEIFS(DContriORI!$E48:$ZZ48,DContriORI!$E$42:$ZZ$42,">="&DContriAgreOri!U$1,DContriORI!$E$42:$ZZ$42,"<="&DContriAgreOri!U$2) -> 5187573.6 | V11: =AVERAGEIFS(DContriORI!$E48:$ZZ48,DContriORI!$E$42:$ZZ$42,">="&DContriAgreOri!V$1,DContriORI!$E$42:$ZZ$42,"<="&DContriAgreOri!V$2) -> 5259830.9 | W11: =AVERAGEIFS(DContriORI!$E48:$ZZ48,DContriORI!$E$42:$ZZ$42,">="&DContriAgreOri!W$1,DContriORI!$E$42:$ZZ$42,"<="&DContriAgreOri!W$2) -> 5191505.2 | X11: =AVERAGEIFS(DContriORI!$E48:$ZZ48,DContriORI!$E$42:$ZZ$42,">="&DContriAgreOri!X$1,DContriORI!$E$42:$ZZ$42,"<="&DContriAgreOri!X$2) -> 5109851.6 | ... AB11: =AVERAGEIFS(DContriORI!$E48:$ZZ48,DContriORI!$E$42:$ZZ$42,">="&DContriAgreOri!AB$1,DContriORI!$E$42:$ZZ$42,"<="&DContriAgreOri!AB$2) -> 0 | AD11: =AVERAGEIFS(DContriORI!$E48:$ZZ48,DContriORI!$E$42:$ZZ$42,">="&DContriAgreOri!AD$1,DContriORI!$E$42:$ZZ$42,"<="&DContriAgreOri!AD$2) -> 5098535.6 | AE11: =AVERAGEIFS(DContriORI!$E48:$ZZ48,DContriORI!$E$42:$ZZ$42,">="&DContriAgreOri!AE$1,DContriORI!$E$42:$ZZ$42,"<="&DContriAgreOri!AE$2) -> 5280547.1 | AF11: =AVERAGEIFS(DContriORI!$E48:$ZZ48,DContriORI!$E$42:$ZZ$42,">="&DContriAgreOri!AF$1,DContriORI!$E$42:$ZZ$42,"<="&DContriAgreOri!AF$2) -> 5253654 | AG11: =AVERAGEIFS(DContriORI!$E48:$ZZ48,DContriORI!$E$42:$ZZ$42,">="&DContriAgreOri!AG$1,DContriORI!$E$42:$ZZ$42,"<="&DContriAgreOri!AG$2) -> 5319868.2 | AH11: =AVERAGEIFS(DContriORI!$E48:$ZZ48,DContriORI!$E$42:$ZZ$42,">="&DContriAgreOri!AH$1,DContriORI!$E$42:$ZZ$42,"<="&DContriAgreOri!AH$2) -> 5326280.9 | AI11: =AVERAGEIFS(DContriORI!$E48:$ZZ48,DContriORI!$E$42:$ZZ$42,">="&DContriAgreOri!AI$1,DContriORI!$E$42:$ZZ$42,"<="&DContriAgreOri!AI$2) -> 5004979.7 | AJ11: =AVERAGEIFS(DContriORI!$E48:$ZZ48,DContriORI!$E$42:$ZZ$42,">="&DContriAgreOri!AJ$1,DContriORI!$E$42:$ZZ$42,"<="&DContriAgreOri!AJ$2) -> 5074775.1 | AK11: =AVERAGEIFS(DContriORI!$E48:$ZZ48,DContriORI!$E$42:$ZZ$42,">="&DContriAgreOri!AK$1,DContriORI!$E$42:$ZZ$42,"<="&DContriAgreOri!AK$2) -> 5308369.1 | ... AU11: =AVERAGEIFS(DContriORI!$E48:$ZZ48,DContriORI!$E$42:$ZZ$42,">="&DContriAgreOri!AU$1,DContriORI!$E$42:$ZZ$42,"<="&DContriAgreOri!AU$2) -> 0 | AW11: Total industrias manufactureras | AX11: =AVERAGEIFS(DContriORI!$E48:$ZZ48,DContriORI!$E$42:$ZZ$42,">="&DContriAgreOri!AX$1,DContriORI!$E$42:$ZZ$42,"<="&DContriAgreOri!AX$2) -> 5068380.4 | AY11: =AVERAGEIFS(DContriORI!$E48:$ZZ48,DContriORI!$E$42:$ZZ$42,">="&DContriAgreOri!AY$1,DContriORI!$E$42:$ZZ$42,"<="&DContriAgreOri!AY$2) -> 0
A12: ACTIVIDAD INDUSTRIAL
A13: Industria Minera | B13: =AVERAGEIFS(DContriORI!$E50:$ZZ50,DContriORI!$E$42:$ZZ$42,">="&DContriAgreOri!B$1,DContriORI!$E$42:$ZZ$42,"<="&DContriAgreOri!B$2) -> 954107.17 | C13: =AVERAGEIFS(DContriORI!$E50:$ZZ50,DContriORI!$E$42:$ZZ$42,">="&DContriAgreOri!C$1,DContriORI!$E$42:$ZZ$42,"<="&DContriAgreOri!C$2) -> 958259.58 | D13: =AVERAGEIFS(DContriORI!$E50:$ZZ50,DContriORI!$E$42:$ZZ$42,">="&DContriAgreOri!D$1,DContriORI!$E$42:$ZZ$42,"<="&DContriAgreOri!D$2) -> 890253.13 | E13: =AVERAGEIFS(DContriORI!$E50:$ZZ50,DContriORI!$E$42:$ZZ$42,">="&DContriAgreOri!E$1,DContriORI!$E$42:$ZZ$42,"<="&DContriAgreOri!E$2) -> 832562.23 | F13: =AVERAGEIFS(DContriORI!$E50:$ZZ50,DContriORI!$E$42:$ZZ$42,">="&DContriAgreOri!F$1,DContriORI!$E$42:$ZZ$42,"<="&DContriAgreOri!F$2) -> 0 | H13: =AVERAGEIFS(DContriORI!$E50:$ZZ50,DContriORI!$E$42:$ZZ$42,">="&DContriAgreOri!H$1,DContriORI!$E$42:$ZZ$42,"<="&DContriAgreOri!H$2) -> 969828.81 | I13: =AVERAGEIFS(DContriORI!$E50:$ZZ50,DContriORI!$E$42:$ZZ$42,">="&DContriAgreOri!I$1,DContriORI!$E$42:$ZZ$42,"<="&DContriAgreOri!I$2) -> 946690.35 | J13: =AVERAGEIFS(DContriORI!$E50:$ZZ50,DContriORI!$E$42:$ZZ$42,">="&DContriAgreOri!J$1,DContriORI!$E$42:$ZZ$42,"<="&DContriAgreOri!J$2) -> 906276.02 | K13: =AVERAGEIFS(DContriORI!$E50:$ZZ50,DContriORI!$E$42:$ZZ$42,">="&DContriAgreOri!K$1,DContriORI!$E$42:$ZZ$42,"<="&DContriAgreOri!K$2) -> 874230.23 | L13: =AVERAGEIFS(DContriORI!$E50:$ZZ50,DContriORI!$E$42:$ZZ$42,">="&DContriAgreOri!L$1,DContriORI!$E$42:$ZZ$42,"<="&DContriAgreOri!L$2) -> 814585.73 | M13: =AVERAGEIFS(DContriORI!$E50:$ZZ50,DContriORI!$E$42:$ZZ$42,">="&DContriAgreOri!M$1,DContriORI!$E$42:$ZZ$42,"<="&DContriAgreOri!M$2) -> 850538.73 | N13: =AVERAGEIFS(DContriORI!$E50:$ZZ50,DContriORI!$E$42:$ZZ$42,">="&DContriAgreOri!N$1,DContriORI!$E$42:$ZZ$42,"<="&DContriAgreOri!N$2) -> 0 | O13: =AVERAGEIFS(DContriORI!$E50:$ZZ50,DContriORI!$E$42:$ZZ$42,">="&DContriAgreOri!O$1,DContriORI!$E$42:$ZZ$42,"<="&DContriAgreOri!O$2) -> 0 | Q13: =AVERAGEIFS(DContriORI!$E50:$ZZ50,DContriORI!$E$42:$ZZ$42,">="&DContriAgreOri!Q$1,DContriORI!$E$42:$ZZ$42,"<="&DContriAgreOri!Q$2) -> 927954.59 | R13: =AVERAGEIFS(DContriORI!$E50:$ZZ50,DContriORI!$E$42:$ZZ$42,">="&DContriAgreOri!R$1,DContriORI!$E$42:$ZZ$42,"<="&DContriAgreOri!R$2) -> 884597.46 | S13: =AVERAGEIFS(DContriORI!$E50:$ZZ50,DContriORI!$E$42:$ZZ$42,">="&DContriAgreOri!S$1,DContriORI!$E$42:$ZZ$42,"<="&DContriAgreOri!S$2) -> 885451.03 | T13: =AVERAGEIFS(DContriORI!$E50:$ZZ50,DContriORI!$E$42:$ZZ$42,">="&DContriAgreOri!T$1,DContriORI!$E$42:$ZZ$42,"<="&DContriAgreOri!T$2) -> 863009.43 | U13: =AVERAGEIFS(DContriORI!$E50:$ZZ50,DContriORI!$E$42:$ZZ$42,">="&DContriAgreOri!U$1,DContriORI!$E$42:$ZZ$42,"<="&DContriAgreOri!U$2) -> 818381.02 | V13: =AVERAGEIFS(DContriORI!$E50:$ZZ50,DContriORI!$E$42:$ZZ$42,">="&DContriAgreOri!V$1,DContriORI!$E$42:$ZZ$42,"<="&DContriAgreOri!V$2) -> 810790.44 | W13: =AVERAGEIFS(DContriORI!$E50:$ZZ50,DContriORI!$E$42:$ZZ$42,">="&DContriAgreOri!W$1,DContriORI!$E$42:$ZZ$42,"<="&DContriAgreOri!W$2) -> 841234.86 | X13: =AVERAGEIFS(DContriORI!$E50:$ZZ50,DContriORI!$E$42:$ZZ$42,">="&DContriAgreOri!X$1,DContriORI!$E$42:$ZZ$42,"<="&DContriAgreOri!X$2) -> 859842.6 | ... AB13: =AVERAGEIFS(DContriORI!$E50:$ZZ50,DContriORI!$E$42:$ZZ$42,">="&DContriAgreOri!AB$1,DContriORI!$E$42:$ZZ$42,"<="&DContriAgreOri!AB$2) -> 0 | AD13: =AVERAGEIFS(DContriORI!$E50:$ZZ50,DContriORI!$E$42:$ZZ$42,">="&DContriAgreOri!AD$1,DContriORI!$E$42:$ZZ$42,"<="&DContriAgreOri!AD$2) -> 943108.8 | AE13: =AVERAGEIFS(DContriORI!$E50:$ZZ50,DContriORI!$E$42:$ZZ$42,">="&DContriAgreOri!AE$1,DContriORI!$E$42:$ZZ$42,"<="&DContriAgreOri!AE$2) -> 889685.36 | AF13: =AVERAGEIFS(DContriORI!$E50:$ZZ50,DContriORI!$E$42:$ZZ$42,">="&DContriAgreOri!AF$1,DContriORI!$E$42:$ZZ$42,"<="&DContriAgreOri!AF$2) -> 886033.91 | AG13: =AVERAGEIFS(DContriORI!$E50:$ZZ50,DContriORI!$E$42:$ZZ$42,">="&DContriAgreOri!AG$1,DContriORI!$E$42:$ZZ$42,"<="&DContriAgreOri!AG$2) -> 901891.42 | AH13: =AVERAGEIFS(DContriORI!$E50:$ZZ50,DContriORI!$E$42:$ZZ$42,">="&DContriAgreOri!AH$1,DContriORI!$E$42:$ZZ$42,"<="&DContriAgreOri!AH$2) -> 856418.31 | AI13: =AVERAGEIFS(DContriORI!$E50:$ZZ50,DContriORI!$E$42:$ZZ$42,">="&DContriAgreOri!AI$1,DContriORI!$E$42:$ZZ$42,"<="&DContriAgreOri!AI$2) -> 864380.96 | AJ13: =AVERAGEIFS(DContriORI!$E50:$ZZ50,DContriORI!$E$42:$ZZ$42,">="&DContriAgreOri!AJ$1,DContriORI!$E$42:$ZZ$42,"<="&DContriAgreOri!AJ$2) -> 823080.71 | AK13: =AVERAGEIFS(DContriORI!$E50:$ZZ50,DContriORI!$E$42:$ZZ$42,">="&DContriAgreOri!AK$1,DContriORI!$E$42:$ZZ$42,"<="&DContriAgreOri!AK$2) -> 809220.7 | ... AU13: =AVERAGEIFS(DContriORI!$E50:$ZZ50,DContriORI!$E$42:$ZZ$42,">="&DContriAgreOri!AU$1,DContriORI!$E$42:$ZZ$42,"<="&DContriAgreOri!AU$2) -> 0 | AW13: Industria Minera | AX13: =AVERAGEIFS(DContriORI!$E50:$ZZ50,DContriORI!$E$42:$ZZ$42,">="&DContriAgreOri!AX$1,DContriORI!$E$42:$ZZ$42,"<="&DContriAgreOri!AX$2) -> 852184.29 | AY13: =AVERAGEIFS(DContriORI!$E50:$ZZ50,DContriORI!$E$42:$ZZ$42,">="&DContriAgreOri!AY$1,DContriORI!$E$42:$ZZ$42,"<="&DContriAgreOri!AY$2) -> 0
A14: Extracción de petróleo y gas | B14: =AVERAGEIFS(DContriORI!$E51:$ZZ51,DContriORI!$E$42:$ZZ$42,">="&DContriAgreOri!B$1,DContriORI!$E$42:$ZZ$42,"<="&DContriAgreOri!B$2) -> 610084.86 | C14: =AVERAGEIFS(DContriORI!$E51:$ZZ51,DContriORI!$E$42:$ZZ$42,">="&DContriAgreOri!C$1,DContriORI!$E$42:$ZZ$42,"<="&DContriAgreOri!C$2) -> 621940.91 | D14: =AVERAGEIFS(DContriORI!$E51:$ZZ51,DContriORI!$E$42:$ZZ$42,">="&DContriAgreOri!D$1,DContriORI!$E$42:$ZZ$42,"<="&DContriAgreOri!D$2) -> 582184.72 | E14: =AVERAGEIFS(DContriORI!$E51:$ZZ51,DContriORI!$E$42:$ZZ$42,">="&DContriAgreOri!E$1,DContriORI!$E$42:$ZZ$42,"<="&DContriAgreOri!E$2) -> 549250.83 | F14: =AVERAGEIFS(DContriORI!$E51:$ZZ51,DContriORI!$E$42:$ZZ$42,">="&DContriAgreOri!F$1,DContriORI!$E$42:$ZZ$42,"<="&DContriAgreOri!F$2) -> 0 | H14: =AVERAGEIFS(DContriORI!$E51:$ZZ51,DContriORI!$E$42:$ZZ$42,">="&DContriAgreOri!H$1,DContriORI!$E$42:$ZZ$42,"<="&DContriAgreOri!H$2) -> 622452.22 | I14: =AVERAGEIFS(DContriORI!$E51:$ZZ51,DContriORI!$E$42:$ZZ$42,">="&DContriAgreOri!I$1,DContriORI!$E$42:$ZZ$42,"<="&DContriAgreOri!I$2) -> 621429.6 | J14: =AVERAGEIFS(DContriORI!$E51:$ZZ51,DContriORI!$E$42:$ZZ$42,">="&DContriAgreOri!J$1,DContriORI!$E$42:$ZZ$42,"<="&DContriAgreOri!J$2) -> 589369.77 | K14: =AVERAGEIFS(DContriORI!$E51:$ZZ51,DContriORI!$E$42:$ZZ$42,">="&DContriAgreOri!K$1,DContriORI!$E$42:$ZZ$42,"<="&DContriAgreOri!K$2) -> 574999.67 | L14: =AVERAGEIFS(DContriORI!$E51:$ZZ51,DContriORI!$E$42:$ZZ$42,">="&DContriAgreOri!L$1,DContriORI!$E$42:$ZZ$42,"<="&DContriAgreOri!L$2) -> 536981.64 | M14: =AVERAGEIFS(DContriORI!$E51:$ZZ51,DContriORI!$E$42:$ZZ$42,">="&DContriAgreOri!M$1,DContriORI!$E$42:$ZZ$42,"<="&DContriAgreOri!M$2) -> 561520.03 | N14: =AVERAGEIFS(DContriORI!$E51:$ZZ51,DContriORI!$E$42:$ZZ$42,">="&DContriAgreOri!N$1,DContriORI!$E$42:$ZZ$42,"<="&DContriAgreOri!N$2) -> 0 | O14: =AVERAGEIFS(DContriORI!$E51:$ZZ51,DContriORI!$E$42:$ZZ$42,">="&DContriAgreOri!O$1,DContriORI!$E$42:$ZZ$42,"<="&DContriAgreOri!O$2) -> 0 | Q14: =AVERAGEIFS(DContriORI!$E51:$ZZ51,DContriORI!$E$42:$ZZ$42,">="&DContriAgreOri!Q$1,DContriORI!$E$42:$ZZ$42,"<="&DContriAgreOri!Q$2) -> 597189.35 | R14: =AVERAGEIFS(DContriORI!$E51:$ZZ51,DContriORI!$E$42:$ZZ$42,">="&DContriAgreOri!R$1,DContriORI!$E$42:$ZZ$42,"<="&DContriAgreOri!R$2) -> 581550.19 | S14: =AVERAGEIFS(DContriORI!$E51:$ZZ51,DContriORI!$E$42:$ZZ$42,">="&DContriAgreOri!S$1,DContriORI!$E$42:$ZZ$42,"<="&DContriAgreOri!S$2) -> 587883.91 | T14: =AVERAGEIFS(DContriORI!$E51:$ZZ51,DContriORI!$E$42:$ZZ$42,">="&DContriAgreOri!T$1,DContriORI!$E$42:$ZZ$42,"<="&DContriAgreOri!T$2) -> 562115.42 | U14: =AVERAGEIFS(DContriORI!$E51:$ZZ51,DContriORI!$E$42:$ZZ$42,">="&DContriAgreOri!U$1,DContriORI!$E$42:$ZZ$42,"<="&DContriAgreOri!U$2) -> 532778.48 | V14: =AVERAGEIFS(DContriORI!$E51:$ZZ51,DContriORI!$E$42:$ZZ$42,">="&DContriAgreOri!V$1,DContriORI!$E$42:$ZZ$42,"<="&DContriAgreOri!V$2) -> 541184.79 | W14: =AVERAGEIFS(DContriORI!$E51:$ZZ51,DContriORI!$E$42:$ZZ$42,">="&DContriAgreOri!W$1,DContriORI!$E$42:$ZZ$42,"<="&DContriAgreOri!W$2) -> 558781.96 | X14: =AVERAGEIFS(DContriORI!$E51:$ZZ51,DContriORI!$E$42:$ZZ$42,">="&DContriAgreOri!X$1,DContriORI!$E$42:$ZZ$42,"<="&DContriAgreOri!X$2) -> 564258.1 | ... AB14: =AVERAGEIFS(DContriORI!$E51:$ZZ51,DContriORI!$E$42:$ZZ$42,">="&DContriAgreOri!AB$1,DContriORI!$E$42:$ZZ$42,"<="&DContriAgreOri!AB$2) -> 0 | AD14: =AVERAGEIFS(DContriORI!$E51:$ZZ51,DContriORI!$E$42:$ZZ$42,">="&DContriAgreOri!AD$1,DContriORI!$E$42:$ZZ$42,"<="&DContriAgreOri!AD$2) -> 593101.72 | AE14: =AVERAGEIFS(DContriORI!$E51:$ZZ51,DContriORI!$E$42:$ZZ$42,">="&DContriAgreOri!AE$1,DContriORI!$E$42:$ZZ$42,"<="&DContriAgreOri!AE$2) -> 589689.22 | AF14: =AVERAGEIFS(DContriORI!$E51:$ZZ51,DContriORI!$E$42:$ZZ$42,">="&DContriAgreOri!AF$1,DContriORI!$E$42:$ZZ$42,"<="&DContriAgreOri!AF$2) -> 585318.38 | AG14: =AVERAGEIFS(DContriORI!$E51:$ZZ51,DContriORI!$E$42:$ZZ$42,">="&DContriAgreOri!AG$1,DContriORI!$E$42:$ZZ$42,"<="&DContriAgreOri!AG$2) -> 595240.45 | AH14: =AVERAGEIFS(DContriORI!$E51:$ZZ51,DContriORI!$E$42:$ZZ$42,">="&DContriAgreOri!AH$1,DContriORI!$E$42:$ZZ$42,"<="&DContriAgreOri!AH$2) -> 577942.06 | AI14: =AVERAGEIFS(DContriORI!$E51:$ZZ51,DContriORI!$E$42:$ZZ$42,">="&DContriAgreOri!AI$1,DContriORI!$E$42:$ZZ$42,"<="&DContriAgreOri!AI$2) -> 551816.48 | AJ14: =AVERAGEIFS(DContriORI!$E51:$ZZ51,DContriORI!$E$42:$ZZ$42,">="&DContriAgreOri!AJ$1,DContriORI!$E$42:$ZZ$42,"<="&DContriAgreOri!AJ$2) -> 528687.21 | AK14: =AVERAGEIFS(DContriORI!$E51:$ZZ51,DContriORI!$E$42:$ZZ$42,">="&DContriAgreOri!AK$1,DContriORI!$E$42:$ZZ$42,"<="&DContriAgreOri!AK$2) -> 536072.58 | ... AU14: =AVERAGEIFS(DContriORI!$E51:$ZZ51,DContriORI!$E$42:$ZZ$42,">="&DContriAgreOri!AU$1,DContriORI!$E$42:$ZZ$42,"<="&DContriAgreOri!AU$2) -> 0 | AW14: Extracción de petróleo y gas | AX14: =AVERAGEIFS(DContriORI!$E51:$ZZ51,DContriORI!$E$42:$ZZ$42,">="&DContriAgreOri!AX$1,DContriORI!$E$42:$ZZ$42,"<="&DContriAgreOri!AX$2) -> 550456.1 | AY14: =AVERAGEIFS(DContriORI!$E51:$ZZ51,DContriORI!$E$42:$ZZ$42,">="&DContriAgreOri!AY$1,DContriORI!$E$42:$ZZ$42,"<="&DContriAgreOri!AY$2) -> 0
A15: Minería de minerales metálicos y no metálicos excepto petróleo y gas, y servicios relacionados | B15: =AVERAGEIFS(DContriORI!$E52:$ZZ52,DContriORI!$E$42:$ZZ$42,">="&DContriAgreOri!B$1,DContriORI!$E$42:$ZZ$42,"<="&DContriAgreOri!B$2) -> 270250.79 | C15: =AVERAGEIFS(DContriORI!$E52:$ZZ52,DContriORI!$E$42:$ZZ$42,">="&DContriAgreOri!C$1,DContriORI!$E$42:$ZZ$42,"<="&DContriAgreOri!C$2) -> 261127.63 | D15: =AVERAGEIFS(DContriORI!$E52:$ZZ52,DContriORI!$E$42:$ZZ$42,">="&DContriAgreOri!D$1,DContriORI!$E$42:$ZZ$42,"<="&DContriAgreOri!D$2) -> 238482.73 | E15: =AVERAGEIFS(DContriORI!$E52:$ZZ52,DContriORI!$E$42:$ZZ$42,">="&DContriAgreOri!E$1,DContriORI!$E$42:$ZZ$42,"<="&DContriAgreOri!E$2) -> 230900.44 | F15: =AVERAGEIFS(DContriORI!$E52:$ZZ52,DContriORI!$E$42:$ZZ$42,">="&DContriAgreOri!F$1,DContriORI!$E$42:$ZZ$42,"<="&DContriAgreOri!F$2) -> 0 | H15: =AVERAGEIFS(DContriORI!$E52:$ZZ52,DContriORI!$E$42:$ZZ$42,">="&DContriAgreOri!H$1,DContriORI!$E$42:$ZZ$42,"<="&DContriAgreOri!H$2) -> 266363.4 | I15: =AVERAGEIFS(DContriORI!$E52:$ZZ52,DContriORI!$E$42:$ZZ$42,">="&DContriAgreOri!I$1,DContriORI!$E$42:$ZZ$42,"<="&DContriAgreOri!I$2) -> 255891.86 | J15: =AVERAGEIFS(DContriORI!$E52:$ZZ52,DContriORI!$E$42:$ZZ$42,">="&DContriAgreOri!J$1,DContriORI!$E$42:$ZZ$42,"<="&DContriAgreOri!J$2) -> 245096.57 | K15: =AVERAGEIFS(DContriORI!$E52:$ZZ52,DContriORI!$E$42:$ZZ$42,">="&DContriAgreOri!K$1,DContriORI!$E$42:$ZZ$42,"<="&DContriAgreOri!K$2) -> 231868.9 | L15: =AVERAGEIFS(DContriORI!$E52:$ZZ52,DContriORI!$E$42:$ZZ$42,">="&DContriAgreOri!L$1,DContriORI!$E$42:$ZZ$42,"<="&DContriAgreOri!L$2) -> 229607.01 | M15: =AVERAGEIFS(DContriORI!$E52:$ZZ52,DContriORI!$E$42:$ZZ$42,">="&DContriAgreOri!M$1,DContriORI!$E$42:$ZZ$42,"<="&DContriAgreOri!M$2) -> 232193.88 | N15: =AVERAGEIFS(DContriORI!$E52:$ZZ52,DContriORI!$E$42:$ZZ$42,">="&DContriAgreOri!N$1,DContriORI!$E$42:$ZZ$42,"<="&DContriAgreOri!N$2) -> 0 | O15: =AVERAGEIFS(DContriORI!$E52:$ZZ52,DContriORI!$E$42:$ZZ$42,">="&DContriAgreOri!O$1,DContriORI!$E$42:$ZZ$42,"<="&DContriAgreOri!O$2) -> 0 | Q15: =AVERAGEIFS(DContriORI!$E52:$ZZ52,DContriORI!$E$42:$ZZ$42,">="&DContriAgreOri!Q$1,DContriORI!$E$42:$ZZ$42,"<="&DContriAgreOri!Q$2) -> 254674.55 | R15: =AVERAGEIFS(DContriORI!$E52:$ZZ52,DContriORI!$E$42:$ZZ$42,">="&DContriAgreOri!R$1,DContriORI!$E$42:$ZZ$42,"<="&DContriAgreOri!R$2) -> 235518.6 | S15: =AVERAGEIFS(DContriORI!$E52:$ZZ52,DContriORI!$E$42:$ZZ$42,">="&DContriAgreOri!S$1,DContriORI!$E$42:$ZZ$42,"<="&DContriAgreOri!S$2) -> 230861.1 | T15: =AVERAGEIFS(DContriORI!$E52:$ZZ52,DContriORI!$E$42:$ZZ$42,">="&DContriAgreOri!T$1,DContriORI!$E$42:$ZZ$42,"<="&DContriAgreOri!T$2) -> 232876.69 | U15: =AVERAGEIFS(DContriORI!$E52:$ZZ52,DContriORI!$E$42:$ZZ$42,">="&DContriAgreOri!U$1,DContriORI!$E$42:$ZZ$42,"<="&DContriAgreOri!U$2) -> 235119.46 | V15: =AVERAGEIFS(DContriORI!$E52:$ZZ52,DContriORI!$E$42:$ZZ$42,">="&DContriAgreOri!V$1,DContriORI!$E$42:$ZZ$42,"<="&DContriAgreOri!V$2) -> 224094.56 | W15: =AVERAGEIFS(DContriORI!$E52:$ZZ52,DContriORI!$E$42:$ZZ$42,">="&DContriAgreOri!W$1,DContriORI!$E$42:$ZZ$42,"<="&DContriAgreOri!W$2) -> 229424.88 | X15: =AVERAGEIFS(DContriORI!$E52:$ZZ52,DContriORI!$E$42:$ZZ$42,">="&DContriAgreOri!X$1,DContriORI!$E$42:$ZZ$42,"<="&DContriAgreOri!X$2) -> 234962.88 | ... AB15: =AVERAGEIFS(DContriORI!$E52:$ZZ52,DContriORI!$E$42:$ZZ$42,">="&DContriAgreOri!AB$1,DContriORI!$E$42:$ZZ$42,"<="&DContriAgreOri!AB$2) -> 0 | AD15: =AVERAGEIFS(DContriORI!$E52:$ZZ52,DContriORI!$E$42:$ZZ$42,">="&DContriAgreOri!AD$1,DContriORI!$E$42:$ZZ$42,"<="&DContriAgreOri!AD$2) -> 263694.95 | AE15: =AVERAGEIFS(DContriORI!$E52:$ZZ52,DContriORI!$E$42:$ZZ$42,">="&DContriAgreOri!AE$1,DContriORI!$E$42:$ZZ$42,"<="&DContriAgreOri!AE$2) -> 238969.4 | AF15: =AVERAGEIFS(DContriORI!$E52:$ZZ52,DContriORI!$E$42:$ZZ$42,">="&DContriAgreOri!AF$1,DContriORI!$E$42:$ZZ$42,"<="&DContriAgreOri!AF$2) -> 232625.36 | AG15: =AVERAGEIFS(DContriORI!$E52:$ZZ52,DContriORI!$E$42:$ZZ$42,">="&DContriAgreOri!AG$1,DContriORI!$E$42:$ZZ$42,"<="&DContriAgreOri!AG$2) -> 231391.93 | AH15: =AVERAGEIFS(DContriORI!$E52:$ZZ52,DContriORI!$E$42:$ZZ$42,">="&DContriAgreOri!AH$1,DContriORI!$E$42:$ZZ$42,"<="&DContriAgreOri!AH$2) -> 234319.45 | AI15: =AVERAGEIFS(DContriORI!$E52:$ZZ52,DContriORI!$E$42:$ZZ$42,">="&DContriAgreOri!AI$1,DContriORI!$E$42:$ZZ$42,"<="&DContriAgreOri!AI$2) -> 229895.32 | AJ15: =AVERAGEIFS(DContriORI!$E52:$ZZ52,DContriORI!$E$42:$ZZ$42,">="&DContriAgreOri!AJ$1,DContriORI!$E$42:$ZZ$42,"<="&DContriAgreOri!AJ$2) -> 237108.91 | AK15: =AVERAGEIFS(DContriORI!$E52:$ZZ52,DContriORI!$E$42:$ZZ$42,">="&DContriAgreOri!AK$1,DContriORI!$E$42:$ZZ$42,"<="&DContriAgreOri!AK$2) -> 228984.5 | ... AU15: =AVERAGEIFS(DContriORI!$E52:$ZZ52,DContriORI!$E$42:$ZZ$42,">="&DContriAgreOri!AU$1,DContriORI!$E$42:$ZZ$42,"<="&DContriAgreOri!AU$2) -> 0 | AW15: Minería de minerales metálicos y no metálicos excepto petróleo y gas, y servicios relacionados | AX15: =AVERAGEIFS(DContriORI!$E52:$ZZ52,DContriORI!$E$42:$ZZ$42,">="&DContriAgreOri!AX$1,DContriORI!$E$42:$ZZ$42,"<="&DContriAgreOri!AX$2) -> 237967.88 | AY15: =AVERAGEIFS(DContriORI!$E52:$ZZ52,DContriORI!$E$42:$ZZ$42,">="&DContriAgreOri!AY$1,DContriORI!$E$42:$ZZ$42,"<="&DContriAgreOri!AY$2) -> 0
A16: Servicios relacionados con la minería | B16: =AVERAGEIFS(DContriORI!$E53:$ZZ53,DContriORI!$E$42:$ZZ$42,">="&DContriAgreOri!B$1,DContriORI!$E$42:$ZZ$42,"<="&DContriAgreOri!B$2) -> 73771.516 | C16: =AVERAGEIFS(DContriORI!$E53:$ZZ53,DContriORI!$E$42:$ZZ$42,">="&DContriAgreOri!C$1,DContriORI!$E$42:$ZZ$42,"<="&DContriAgreOri!C$2) -> 75191.044 | D16: =AVERAGEIFS(DContriORI!$E53:$ZZ53,DContriORI!$E$42:$ZZ$42,">="&DContriAgreOri!D$1,DContriORI!$E$42:$ZZ$42,"<="&DContriAgreOri!D$2) -> 69585.673 | E16: =AVERAGEIFS(DContriORI!$E53:$ZZ53,DContriORI!$E$42:$ZZ$42,">="&DContriAgreOri!E$1,DContriORI!$E$42:$ZZ$42,"<="&DContriAgreOri!E$2) -> 52410.955 | F16: =AVERAGEIFS(DContriORI!$E53:$ZZ53,DContriORI!$E$42:$ZZ$42,">="&DContriAgreOri!F$1,DContriORI!$E$42:$ZZ$42,"<="&DContriAgreOri!F$2) -> 0 | H16: =AVERAGEIFS(DContriORI!$E53:$ZZ53,DContriORI!$E$42:$ZZ$42,">="&DContriAgreOri!H$1,DContriORI!$E$42:$ZZ$42,"<="&DContriAgreOri!H$2) -> 81013.193 | I16: =AVERAGEIFS(DContriORI!$E53:$ZZ53,DContriORI!$E$42:$ZZ$42,">="&DContriAgreOri!I$1,DContriORI!$E$42:$ZZ$42,"<="&DContriAgreOri!I$2) -> 69368.895 | J16: =AVERAGEIFS(DContriORI!$E53:$ZZ53,DContriORI!$E$42:$ZZ$42,">="&DContriAgreOri!J$1,DContriORI!$E$42:$ZZ$42,"<="&DContriAgreOri!J$2) -> 71809.682 | K16: =AVERAGEIFS(DContriORI!$E53:$ZZ53,DContriORI!$E$42:$ZZ$42,">="&DContriAgreOri!K$1,DContriORI!$E$42:$ZZ$42,"<="&DContriAgreOri!K$2) -> 67361.664 | L16: =AVERAGEIFS(DContriORI!$E53:$ZZ53,DContriORI!$E$42:$ZZ$42,">="&DContriAgreOri!L$1,DContriORI!$E$42:$ZZ$42,"<="&DContriAgreOri!L$2) -> 47997.085 | M16: =AVERAGEIFS(DContriORI!$E53:$ZZ53,DContriORI!$E$42:$ZZ$42,">="&DContriAgreOri!M$1,DContriORI!$E$42:$ZZ$42,"<="&DContriAgreOri!M$2) -> 56824.825 | N16: =AVERAGEIFS(DContriORI!$E53:$ZZ53,DContriORI!$E$42:$ZZ$42,">="&DContriAgreOri!N$1,DContriORI!$E$42:$ZZ$42,"<="&DContriAgreOri!N$2) -> 0 | O16: =AVERAGEIFS(DContriORI!$E53:$ZZ53,DContriORI!$E$42:$ZZ$42,">="&DContriAgreOri!O$1,DContriORI!$E$42:$ZZ$42,"<="&DContriAgreOri!O$2) -> 0 | Q16: =AVERAGEIFS(DContriORI!$E53:$ZZ53,DContriORI!$E$42:$ZZ$42,">="&DContriAgreOri!Q$1,DContriORI!$E$42:$ZZ$42,"<="&DContriAgreOri!Q$2) -> 76090.693 | R16: =AVERAGEIFS(DContriORI!$E53:$ZZ53,DContriORI!$E$42:$ZZ$42,">="&DContriAgreOri!R$1,DContriORI!$E$42:$ZZ$42,"<="&DContriAgreOri!R$2) -> 67528.672 | S16: =AVERAGEIFS(DContriORI!$E53:$ZZ53,DContriORI!$E$42:$ZZ$42,">="&DContriAgreOri!S$1,DContriORI!$E$42:$ZZ$42,"<="&DContriAgreOri!S$2) -> 66706.016 | T16: =AVERAGEIFS(DContriORI!$E53:$ZZ53,DContriORI!$E$42:$ZZ$42,">="&DContriAgreOri!T$1,DContriORI!$E$42:$ZZ$42,"<="&DContriAgreOri!T$2) -> 68017.311 | U16: =AVERAGEIFS(DContriORI!$E53:$ZZ53,DContriORI!$E$42:$ZZ$42,">="&DContriAgreOri!U$1,DContriORI!$E$42:$ZZ$42,"<="&DContriAgreOri!U$2) -> 50483.075 | V16: =AVERAGEIFS(DContriORI!$E53:$ZZ53,DContriORI!$E$42:$ZZ$42,">="&DContriAgreOri!V$1,DContriORI!$E$42:$ZZ$42,"<="&DContriAgreOri!V$2) -> 45511.094 | W16: =AVERAGEIFS(DContriORI!$E53:$ZZ53,DContriORI!$E$42:$ZZ$42,">="&DContriAgreOri!W$1,DContriORI!$E$42:$ZZ$42,"<="&DContriAgreOri!W$2) -> 53028.028 | X16: =AVERAGEIFS(DContriORI!$E53:$ZZ53,DContriORI!$E$42:$ZZ$42,">="&DContriAgreOri!X$1,DContriORI!$E$42:$ZZ$42,"<="&DContriAgreOri!X$2) -> 60621.622 | ... AB16: =AVERAGEIFS(DContriORI!$E53:$ZZ53,DContriORI!$E$42:$ZZ$42,">="&DContriAgreOri!AB$1,DContriORI!$E$42:$ZZ$42,"<="&DContriAgreOri!AB$2) -> 0 | AD16: =AVERAGEIFS(DContriORI!$E53:$ZZ53,DContriORI!$E$42:$ZZ$42,">="&DContriAgreOri!AD$1,DContriORI!$E$42:$ZZ$42,"<="&DContriAgreOri!AD$2) -> 86312.138 | AE16: =AVERAGEIFS(DContriORI!$E53:$ZZ53,DContriORI!$E$42:$ZZ$42,">="&DContriAgreOri!AE$1,DContriORI!$E$42:$ZZ$42,"<="&DContriAgreOri!AE$2) -> 61026.737 | AF16: =AVERAGEIFS(DContriORI!$E53:$ZZ53,DContriORI!$E$42:$ZZ$42,">="&DContriAgreOri!AF$1,DContriORI!$E$42:$ZZ$42,"<="&DContriAgreOri!AF$2) -> 68090.172 | AG16: =AVERAGEIFS(DContriORI!$E53:$ZZ53,DContriORI!$E$42:$ZZ$42,">="&DContriAgreOri!AG$1,DContriORI!$E$42:$ZZ$42,"<="&DContriAgreOri!AG$2) -> 75259.031 | AH16: =AVERAGEIFS(DContriORI!$E53:$ZZ53,DContriORI!$E$42:$ZZ$42,">="&DContriAgreOri!AH$1,DContriORI!$E$42:$ZZ$42,"<="&DContriAgreOri!AH$2) -> 44156.807 | AI16: =AVERAGEIFS(DContriORI!$E53:$ZZ53,DContriORI!$E$42:$ZZ$42,">="&DContriAgreOri!AI$1,DContriORI!$E$42:$ZZ$42,"<="&DContriAgreOri!AI$2) -> 82669.153 | AJ16: =AVERAGEIFS(DContriORI!$E53:$ZZ53,DContriORI!$E$42:$ZZ$42,">="&DContriAgreOri!AJ$1,DContriORI!$E$42:$ZZ$42,"<="&DContriAgreOri!AJ$2) -> 57284.591 | AK16: =AVERAGEIFS(DContriORI!$E53:$ZZ53,DContriORI!$E$42:$ZZ$42,">="&DContriAgreOri!AK$1,DContriORI!$E$42:$ZZ$42,"<="&DContriAgreOri!AK$2) -> 44163.631 | ... AU16: =AVERAGEIFS(DContriORI!$E53:$ZZ53,DContriORI!$E$42:$ZZ$42,">="&DContriAgreOri!AU$1,DContriORI!$E$42:$ZZ$42,"<="&DContriAgreOri!AU$2) -> 0 | AW16: Servicios relacionados con la minería | AX16: =AVERAGEIFS(DContriORI!$E53:$ZZ53,DContriORI!$E$42:$ZZ$42,">="&DContriAgreOri!AX$1,DContriORI!$E$42:$ZZ$42,"<="&DContriAgreOri!AX$2) -> 63760.315 | AY16: =AVERAGEIFS(DContriORI!$E53:$ZZ53,DContriORI!$E$42:$ZZ$42,">="&DContriAgreOri!AY$1,DContriORI!$E$42:$ZZ$42,"<="&DContriAgreOri!AY$2) -> 0
A17: Electricidad, agua y suministro de gas por ductos al consumidor fina | B17: =AVERAGEIFS(DContriORI!$E54:$ZZ54,DContriORI!$E$42:$ZZ$42,">="&DContriAgreOri!B$1,DContriORI!$E$42:$ZZ$42,"<="&DContriAgreOri!B$2) -> 322410.87 | C17: =AVERAGEIFS(DContriORI!$E54:$ZZ54,DContriORI!$E$42:$ZZ$42,">="&DContriAgreOri!C$1,DContriORI!$E$42:$ZZ$42,"<="&DContriAgreOri!C$2) -> 314511.84 | D17: =AVERAGEIFS(DContriORI!$E54:$ZZ54,DContriORI!$E$42:$ZZ$42,">="&DContriAgreOri!D$1,DContriORI!$E$42:$ZZ$42,"<="&DContriAgreOri!D$2) -> 307224.22 | E17: =AVERAGEIFS(DContriORI!$E54:$ZZ54,DContriORI!$E$42:$ZZ$42,">="&DContriAgreOri!E$1,DContriORI!$E$42:$ZZ$42,"<="&DContriAgreOri!E$2) -> 306446.88 | F17: =AVERAGEIFS(DContriORI!$E54:$ZZ54,DContriORI!$E$42:$ZZ$42,">="&DContriAgreOri!F$1,DContriORI!$E$42:$ZZ$42,"<="&DContriAgreOri!F$2) -> 0 | H17: =AVERAGEIFS(DContriORI!$E54:$ZZ54,DContriORI!$E$42:$ZZ$42,">="&DContriAgreOri!H$1,DContriORI!$E$42:$ZZ$42,"<="&DContriAgreOri!H$2) -> 302744.51 | I17: =AVERAGEIFS(DContriORI!$E54:$ZZ54,DContriORI!$E$42:$ZZ$42,">="&DContriAgreOri!I$1,DContriORI!$E$42:$ZZ$42,"<="&DContriAgreOri!I$2) -> 326279.17 | J17: =AVERAGEIFS(DContriORI!$E54:$ZZ54,DContriORI!$E$42:$ZZ$42,">="&DContriAgreOri!J$1,DContriORI!$E$42:$ZZ$42,"<="&DContriAgreOri!J$2) -> 294488.89 | K17: =AVERAGEIFS(DContriORI!$E54:$ZZ54,DContriORI!$E$42:$ZZ$42,">="&DContriAgreOri!K$1,DContriORI!$E$42:$ZZ$42,"<="&DContriAgreOri!K$2) -> 319959.54 | L17: =AVERAGEIFS(DContriORI!$E54:$ZZ54,DContriORI!$E$42:$ZZ$42,">="&DContriAgreOri!L$1,DContriORI!$E$42:$ZZ$42,"<="&DContriAgreOri!L$2) -> 291780.51 | M17: =AVERAGEIFS(DContriORI!$E54:$ZZ54,DContriORI!$E$42:$ZZ$42,">="&DContriAgreOri!M$1,DContriORI!$E$42:$ZZ$42,"<="&DContriAgreOri!M$2) -> 321113.25 | N17: =AVERAGEIFS(DContriORI!$E54:$ZZ54,DContriORI!$E$42:$ZZ$42,">="&DContriAgreOri!N$1,DContriORI!$E$42:$ZZ$42,"<="&DContriAgreOri!N$2) -> 0 | O17: =AVERAGEIFS(DContriORI!$E54:$ZZ54,DContriORI!$E$42:$ZZ$42,">="&DContriAgreOri!O$1,DContriORI!$E$42:$ZZ$42,"<="&DContriAgreOri!O$2) -> 0 | Q17: =AVERAGEIFS(DContriORI!$E54:$ZZ54,DContriORI!$E$42:$ZZ$42,">="&DContriAgreOri!Q$1,DContriORI!$E$42:$ZZ$42,"<="&DContriAgreOri!Q$2) -> 276434.68 | R17: =AVERAGEIFS(DContriORI!$E54:$ZZ54,DContriORI!$E$42:$ZZ$42,">="&DContriAgreOri!R$1,DContriORI!$E$42:$ZZ$42,"<="&DContriAgreOri!R$2) -> 312543.1 | S17: =AVERAGEIFS(DContriORI!$E54:$ZZ54,DContriORI!$E$42:$ZZ$42,">="&DContriAgreOri!S$1,DContriORI!$E$42:$ZZ$42,"<="&DContriAgreOri!S$2) -> 335832.45 | T17: =AVERAGEIFS(DContriORI!$E54:$ZZ54,DContriORI!$E$42:$ZZ$42,">="&DContriAgreOri!T$1,DContriORI!$E$42:$ZZ$42,"<="&DContriAgreOri!T$2) -> 304086.63 | U17: =AVERAGEIFS(DContriORI!$E54:$ZZ54,DContriORI!$E$42:$ZZ$42,">="&DContriAgreOri!U$1,DContriORI!$E$42:$ZZ$42,"<="&DContriAgreOri!U$2) -> 277753.61 | V17: =AVERAGEIFS(DContriORI!$E54:$ZZ54,DContriORI!$E$42:$ZZ$42,">="&DContriAgreOri!V$1,DContriORI!$E$42:$ZZ$42,"<="&DContriAgreOri!V$2) -> 305807.41 | W17: =AVERAGEIFS(DContriORI!$E54:$ZZ54,DContriORI!$E$42:$ZZ$42,">="&DContriAgreOri!W$1,DContriORI!$E$42:$ZZ$42,"<="&DContriAgreOri!W$2) -> 331118.93 | X17: =AVERAGEIFS(DContriORI!$E54:$ZZ54,DContriORI!$E$42:$ZZ$42,">="&DContriAgreOri!X$1,DContriORI!$E$42:$ZZ$42,"<="&DContriAgreOri!X$2) -> 311107.58 | ... AB17: =AVERAGEIFS(DContriORI!$E54:$ZZ54,DContriORI!$E$42:$ZZ$42,">="&DContriAgreOri!AB$1,DContriORI!$E$42:$ZZ$42,"<="&DContriAgreOri!AB$2) -> 0 | AD17: =AVERAGEIFS(DContriORI!$E54:$ZZ54,DContriORI!$E$42:$ZZ$42,">="&DContriAgreOri!AD$1,DContriORI!$E$42:$ZZ$42,"<="&DContriAgreOri!AD$2) -> 270381.52 | AE17: =AVERAGEIFS(DContriORI!$E54:$ZZ54,DContriORI!$E$42:$ZZ$42,">="&DContriAgreOri!AE$1,DContriORI!$E$42:$ZZ$42,"<="&DContriAgreOri!AE$2) -> 287428.56 | AF17: =AVERAGEIFS(DContriORI!$E54:$ZZ54,DContriORI!$E$42:$ZZ$42,">="&DContriAgreOri!AF$1,DContriORI!$E$42:$ZZ$42,"<="&DContriAgreOri!AF$2) -> 325656.59 | AG17: =AVERAGEIFS(DContriORI!$E54:$ZZ54,DContriORI!$E$42:$ZZ$42,">="&DContriAgreOri!AG$1,DContriORI!$E$42:$ZZ$42,"<="&DContriAgreOri!AG$2) -> 339752.38 | AH17: =AVERAGEIFS(DContriORI!$E54:$ZZ54,DContriORI!$E$42:$ZZ$42,">="&DContriAgreOri!AH$1,DContriORI!$E$42:$ZZ$42,"<="&DContriAgreOri!AH$2) -> 325772.02 | AI17: =AVERAGEIFS(DContriORI!$E54:$ZZ54,DContriORI!$E$42:$ZZ$42,">="&DContriAgreOri!AI$1,DContriORI!$E$42:$ZZ$42,"<="&DContriAgreOri!AI$2) -> 294354.23 | AJ17: =AVERAGEIFS(DContriORI!$E54:$ZZ54,DContriORI!$E$42:$ZZ$42,">="&DContriAgreOri!AJ$1,DContriORI!$E$42:$ZZ$42,"<="&DContriAgreOri!AJ$2) -> 273117.54 | AK17: =AVERAGEIFS(DContriORI!$E54:$ZZ54,DContriORI!$E$42:$ZZ$42,">="&DContriAgreOri!AK$1,DContriORI!$E$42:$ZZ$42,"<="&DContriAgreOri!AK$2) -> 285687.52 | ... AU17: =AVERAGEIFS(DContriORI!$E54:$ZZ54,DContriORI!$E$42:$ZZ$42,">="&DContriAgreOri!AU$1,DContriORI!$E$42:$ZZ$42,"<="&DContriAgreOri!AU$2) -> 0 | AW17: Electricidad, agua y suministro de gas por ductos al consumidor fina | AX17: =AVERAGEIFS(DContriORI!$E54:$ZZ54,DContriORI!$E$42:$ZZ$42,">="&DContriAgreOri!AX$1,DContriORI!$E$42:$ZZ$42,"<="&DContriAgreOri!AX$2) -> 276962.58 | AY17: =AVERAGEIFS(DContriORI!$E54:$ZZ54,DContriORI!$E$42:$ZZ$42,">="&DContriAgreOri!AY$1,DContriORI!$E$42:$ZZ$42,"<="&DContriAgreOri!AY$2) -> 0
A18: Generación, transmisión y suministro de energía eléctrica | B18: =AVERAGEIFS(DContriORI!$E55:$ZZ55,DContriORI!$E$42:$ZZ$42,">="&DContriAgreOri!B$1,DContriORI!$E$42:$ZZ$42,"<="&DContriAgreOri!B$2) -> 322410.87 | C18: =AVERAGEIFS(DContriORI!$E55:$ZZ55,DContriORI!$E$42:$ZZ$42,">="&DContriAgreOri!C$1,DContriORI!$E$42:$ZZ$42,"<="&DContriAgreOri!C$2) -> 314511.84 | D18: =AVERAGEIFS(DContriORI!$E55:$ZZ55,DContriORI!$E$42:$ZZ$42,">="&DContriAgreOri!D$1,DContriORI!$E$42:$ZZ$42,"<="&DContriAgreOri!D$2) -> 307224.22 | E18: =AVERAGEIFS(DContriORI!$E55:$ZZ55,DContriORI!$E$42:$ZZ$42,">="&DContriAgreOri!E$1,DContriORI!$E$42:$ZZ$42,"<="&DContriAgreOri!E$2) -> 306446.88 | F18: =AVERAGEIFS(DContriORI!$E55:$ZZ55,DContriORI!$E$42:$ZZ$42,">="&DContriAgreOri!F$1,DContriORI!$E$42:$ZZ$42,"<="&DContriAgreOri!F$2) -> 0 | H18: =AVERAGEIFS(DContriORI!$E55:$ZZ55,DContriORI!$E$42:$ZZ$42,">="&DContriAgreOri!H$1,DContriORI!$E$42:$ZZ$42,"<="&DContriAgreOri!H$2) -> 302744.51 | I18: =AVERAGEIFS(DContriORI!$E55:$ZZ55,DContriORI!$E$42:$ZZ$42,">="&DContriAgreOri!I$1,DContriORI!$E$42:$ZZ$42,"<="&DContriAgreOri!I$2) -> 326279.17 | J18: =AVERAGEIFS(DContriORI!$E55:$ZZ55,DContriORI!$E$42:$ZZ$42,">="&DContriAgreOri!J$1,DContriORI!$E$42:$ZZ$42,"<="&DContriAgreOri!J$2) -> 294488.89 | K18: =AVERAGEIFS(DContriORI!$E55:$ZZ55,DContriORI!$E$42:$ZZ$42,">="&DContriAgreOri!K$1,DContriORI!$E$42:$ZZ$42,"<="&DContriAgreOri!K$2) -> 319959.54 | L18: =AVERAGEIFS(DContriORI!$E55:$ZZ55,DContriORI!$E$42:$ZZ$42,">="&DContriAgreOri!L$1,DContriORI!$E$42:$ZZ$42,"<="&DContriAgreOri!L$2) -> 291780.51 | M18: =AVERAGEIFS(DContriORI!$E55:$ZZ55,DContriORI!$E$42:$ZZ$42,">="&DContriAgreOri!M$1,DContriORI!$E$42:$ZZ$42,"<="&DContriAgreOri!M$2) -> 321113.25 | N18: =AVERAGEIFS(DContriORI!$E55:$ZZ55,DContriORI!$E$42:$ZZ$42,">="&DContriAgreOri!N$1,DContriORI!$E$42:$ZZ$42,"<="&DContriAgreOri!N$2) -> 0 | O18: =AVERAGEIFS(DContriORI!$E55:$ZZ55,DContriORI!$E$42:$ZZ$42,">="&DContriAgreOri!O$1,DContriORI!$E$42:$ZZ$42,"<="&DContriAgreOri!O$2) -> 0 | Q18: =AVERAGEIFS(DContriORI!$E55:$ZZ55,DContriORI!$E$42:$ZZ$42,">="&DContriAgreOri!Q$1,DContriORI!$E$42:$ZZ$42,"<="&DContriAgreOri!Q$2) -> 276434.68 | R18: =AVERAGEIFS(DContriORI!$E55:$ZZ55,DContriORI!$E$42:$ZZ$42,">="&DContriAgreOri!R$1,DContriORI!$E$42:$ZZ$42,"<="&DContriAgreOri!R$2) -> 312543.1 | S18: =AVERAGEIFS(DContriORI!$E55:$ZZ55,DContriORI!$E$42:$ZZ$42,">="&DContriAgreOri!S$1,DContriORI!$E$42:$ZZ$42,"<="&DContriAgreOri!S$2) -> 335832.45 | T18: =AVERAGEIFS(DContriORI!$E55:$ZZ55,DContriORI!$E$42:$ZZ$42,">="&DContriAgreOri!T$1,DContriORI!$E$42:$ZZ$42,"<="&DContriAgreOri!T$2) -> 304086.63 | U18: =AVERAGEIFS(DContriORI!$E55:$ZZ55,DContriORI!$E$42:$ZZ$42,">="&DContriAgreOri!U$1,DContriORI!$E$42:$ZZ$42,"<="&DContriAgreOri!U$2) -> 277753.61 | V18: =AVERAGEIFS(DContriORI!$E55:$ZZ55,DContriORI!$E$42:$ZZ$42,">="&DContriAgreOri!V$1,DContriORI!$E$42:$ZZ$42,"<="&DContriAgreOri!V$2) -> 305807.41 | W18: =AVERAGEIFS(DContriORI!$E55:$ZZ55,DContriORI!$E$42:$ZZ$42,">="&DContriAgreOri!W$1,DContriORI!$E$42:$ZZ$42,"<="&DContriAgreOri!W$2) -> 331118.93 | X18: =AVERAGEIFS(DContriORI!$E55:$ZZ55,DContriORI!$E$42:$ZZ$42,">="&DContriAgreOri!X$1,DContriORI!$E$42:$ZZ$42,"<="&DContriAgreOri!X$2) -> 311107.58 | ... AB18: =AVERAGEIFS(DContriORI!$E55:$ZZ55,DContriORI!$E$42:$ZZ$42,">="&DContriAgreOri!AB$1,DContriORI!$E$42:$ZZ$42,"<="&DContriAgreOri!AB$2) -> 0 | AD18: =AVERAGEIFS(DContriORI!$E55:$ZZ55,DContriORI!$E$42:$ZZ$42,">="&DContriAgreOri!AD$1,DContriORI!$E$42:$ZZ$42,"<="&DContriAgreOri!AD$2) -> 270381.52 | AE18: =AVERAGEIFS(DContriORI!$E55:$ZZ55,DContriORI!$E$42:$ZZ$42,">="&DContriAgreOri!AE$1,DContriORI!$E$42:$ZZ$42,"<="&DContriAgreOri!AE$2) -> 287428.56 | AF18: =AVERAGEIFS(DContriORI!$E55:$ZZ55,DContriORI!$E$42:$ZZ$42,">="&DContriAgreOri!AF$1,DContriORI!$E$42:$ZZ$42,"<="&DContriAgreOri!AF$2) -> 325656.59 | AG18: =AVERAGEIFS(DContriORI!$E55:$ZZ55,DContriORI!$E$42:$ZZ$42,">="&DContriAgreOri!AG$1,DContriORI!$E$42:$ZZ$42,"<="&DContriAgreOri!AG$2) -> 339752.38 | AH18: =AVERAGEIFS(DContriORI!$E55:$ZZ55,DContriORI!$E$42:$ZZ$42,">="&DContriAgreOri!AH$1,DContriORI!$E$42:$ZZ$42,"<="&DContriAgreOri!AH$2) -> 325772.02 | AI18: =AVERAGEIFS(DContriORI!$E55:$ZZ55,DContriORI!$E$42:$ZZ$42,">="&DContriAgreOri!AI$1,DContriORI!$E$42:$ZZ$42,"<="&DContriAgreOri!AI$2) -> 294354.23 | AJ18: =AVERAGEIFS(DContriORI!$E55:$ZZ55,DContriORI!$E$42:$ZZ$42,">="&DContriAgreOri!AJ$1,DContriORI!$E$42:$ZZ$42,"<="&DContriAgreOri!AJ$2) -> 273117.54 | AK18: =AVERAGEIFS(DContriORI!$E55:$ZZ55,DContriORI!$E$42:$ZZ$42,">="&DContriAgreOri!AK$1,DContriORI!$E$42:$ZZ$42,"<="&DContriAgreOri!AK$2) -> 285687.52 | ... AU18: =AVERAGEIFS(DContriORI!$E55:$ZZ55,DContriORI!$E$42:$ZZ$42,">="&DContriAgreOri!AU$1,DContriORI!$E$42:$ZZ$42,"<="&DContriAgreOri!AU$2) -> 0 | AW18: Generación, transmisión y suministro de energía eléctrica | AX18: =AVERAGEIFS(DContriORI!$E55:$ZZ55,DContriORI!$E$42:$ZZ$42,">="&DContriAgreOri!AX$1,DContriORI!$E$42:$ZZ$42,"<="&DContriAgreOri!AX$2) -> 276962.58 | AY18: =AVERAGEIFS(DContriORI!$E55:$ZZ55,DContriORI!$E$42:$ZZ$42,">="&DContriAgreOri!AY$1,DContriORI!$E$42:$ZZ$42,"<="&DContriAgreOri!AY$2) -> 0
A19: Construcción | B19: =AVERAGEIFS(DContriORI!$E56:$ZZ56,DContriORI!$E$42:$ZZ$42,">="&DContriAgreOri!B$1,DContriORI!$E$42:$ZZ$42,"<="&DContriAgreOri!B$2) -> 1312765.6 | C19: =AVERAGEIFS(DContriORI!$E56:$ZZ56,DContriORI!$E$42:$ZZ$42,">="&DContriAgreOri!C$1,DContriORI!$E$42:$ZZ$42,"<="&DContriAgreOri!C$2) -> 1473204 | D19: =AVERAGEIFS(DContriORI!$E56:$ZZ56,DContriORI!$E$42:$ZZ$42,">="&DContriAgreOri!D$1,DContriORI!$E$42:$ZZ$42,"<="&DContriAgreOri!D$2) -> 1517047.4 | E19: =AVERAGEIFS(DContriORI!$E56:$ZZ56,DContriORI!$E$42:$ZZ$42,">="&DContriAgreOri!E$1,DContriORI!$E$42:$ZZ$42,"<="&DContriAgreOri!E$2) -> 1501975.2 | F19: =AVERAGEIFS(DContriORI!$E56:$ZZ56,DContriORI!$E$42:$ZZ$42,">="&DContriAgreOri!F$1,DContriORI!$E$42:$ZZ$42,"<="&DContriAgreOri!F$2) -> 0 | H19: =AVERAGEIFS(DContriORI!$E56:$ZZ56,DContriORI!$E$42:$ZZ$42,">="&DContriAgreOri!H$1,DContriORI!$E$42:$ZZ$42,"<="&DContriAgreOri!H$2) -> 1378916.5 | I19: =AVERAGEIFS(DContriORI!$E56:$ZZ56,DContriORI!$E$42:$ZZ$42,">="&DContriAgreOri!I$1,DContriORI!$E$42:$ZZ$42,"<="&DContriAgreOri!I$2) -> 1567491.6 | J19: =AVERAGEIFS(DContriORI!$E56:$ZZ56,DContriORI!$E$42:$ZZ$42,">="&DContriAgreOri!J$1,DContriORI!$E$42:$ZZ$42,"<="&DContriAgreOri!J$2) -> 1506141 | K19: =AVERAGEIFS(DContriORI!$E56:$ZZ56,DContriORI!$E$42:$ZZ$42,">="&DContriAgreOri!K$1,DContriORI!$E$42:$ZZ$42,"<="&DContriAgreOri!K$2) -> 1527953.8 | L19: =AVERAGEIFS(DContriORI!$E56:$ZZ56,DContriORI!$E$42:$ZZ$42,">="&DContriAgreOri!L$1,DContriORI!$E$42:$ZZ$42,"<="&DContriAgreOri!L$2) -> 1479521.7 | M19: =AVERAGEIFS(DContriORI!$E56:$ZZ56,DContriORI!$E$42:$ZZ$42,">="&DContriAgreOri!M$1,DContriORI!$E$42:$ZZ$42,"<="&DContriAgreOri!M$2) -> 1524428.6 | N19: =AVERAGEIFS(DContriORI!$E56:$ZZ56,DContriORI!$E$42:$ZZ$42,">="&DContriAgreOri!N$1,DContriORI!$E$42:$ZZ$42,"<="&DContriAgreOri!N$2) -> 0 | O19: =AVERAGEIFS(DContriORI!$E56:$ZZ56,DContriORI!$E$42:$ZZ$42,">="&DContriAgreOri!O$1,DContriORI!$E$42:$ZZ$42,"<="&DContriAgreOri!O$2) -> 0 | Q19: =AVERAGEIFS(DContriORI!$E56:$ZZ56,DContriORI!$E$42:$ZZ$42,">="&DContriAgreOri!Q$1,DContriORI!$E$42:$ZZ$42,"<="&DContriAgreOri!Q$2) -> 1461026.3 | R19: =AVERAGEIFS(DContriORI!$E56:$ZZ56,DContriORI!$E$42:$ZZ$42,">="&DContriAgreOri!R$1,DContriORI!$E$42:$ZZ$42,"<="&DContriAgreOri!R$2) -> 1551255.6 | S19: =AVERAGEIFS(DContriORI!$E56:$ZZ56,DContriORI!$E$42:$ZZ$42,">="&DContriAgreOri!S$1,DContriORI!$E$42:$ZZ$42,"<="&DContriAgreOri!S$2) -> 1528224.6 | T19: =AVERAGEIFS(DContriORI!$E56:$ZZ56,DContriORI!$E$42:$ZZ$42,">="&DContriAgreOri!T$1,DContriORI!$E$42:$ZZ$42,"<="&DContriAgreOri!T$2) -> 1527683 | U19: =AVERAGEIFS(DContriORI!$E56:$ZZ56,DContriORI!$E$42:$ZZ$42,">="&DContriAgreOri!U$1,DContriORI!$E$42:$ZZ$42,"<="&DContriAgreOri!U$2) -> 1441182.3 | V19: =AVERAGEIFS(DContriORI!$E56:$ZZ56,DContriORI!$E$42:$ZZ$42,">="&DContriAgreOri!V$1,DContriORI!$E$42:$ZZ$42,"<="&DContriAgreOri!V$2) -> 1517861.1 | W19: =AVERAGEIFS(DContriORI!$E56:$ZZ56,DContriORI!$E$42:$ZZ$42,">="&DContriAgreOri!W$1,DContriORI!$E$42:$ZZ$42,"<="&DContriAgreOri!W$2) -> 1456197.6 | X19: =AVERAGEIFS(DContriORI!$E56:$ZZ56,DContriORI!$E$42:$ZZ$42,">="&DContriAgreOri!X$1,DContriORI!$E$42:$ZZ$42,"<="&DContriAgreOri!X$2) -> 1592659.7 | ... AB19: =AVERAGEIFS(DContriORI!$E56:$ZZ56,DContriORI!$E$42:$ZZ$42,">="&DContriAgreOri!AB$1,DContriORI!$E$42:$ZZ$42,"<="&DContriAgreOri!AB$2) -> 0 | AD19: =AVERAGEIFS(DContriORI!$E56:$ZZ56,DContriORI!$E$42:$ZZ$42,">="&DContriAgreOri!AD$1,DContriORI!$E$42:$ZZ$42,"<="&DContriAgreOri!AD$2) -> 1449252.1 | AE19: =AVERAGEIFS(DContriORI!$E56:$ZZ56,DContriORI!$E$42:$ZZ$42,">="&DContriAgreOri!AE$1,DContriORI!$E$42:$ZZ$42,"<="&DContriAgreOri!AE$2) -> 1540401.3 | AF19: =AVERAGEIFS(DContriORI!$E56:$ZZ56,DContriORI!$E$42:$ZZ$42,">="&DContriAgreOri!AF$1,DContriORI!$E$42:$ZZ$42,"<="&DContriAgreOri!AF$2) -> 1528769.5 | AG19: =AVERAGEIFS(DContriORI!$E56:$ZZ56,DContriORI!$E$42:$ZZ$42,">="&DContriAgreOri!AG$1,DContriORI!$E$42:$ZZ$42,"<="&DContriAgreOri!AG$2) -> 1543303.6 | AH19: =AVERAGEIFS(DContriORI!$E56:$ZZ56,DContriORI!$E$42:$ZZ$42,">="&DContriAgreOri!AH$1,DContriORI!$E$42:$ZZ$42,"<="&DContriAgreOri!AH$2) -> 1517267.7 | AI19: =AVERAGEIFS(DContriORI!$E56:$ZZ56,DContriORI!$E$42:$ZZ$42,">="&DContriAgreOri!AI$1,DContriORI!$E$42:$ZZ$42,"<="&DContriAgreOri!AI$2) -> 1523290 | AJ19: =AVERAGEIFS(DContriORI!$E56:$ZZ56,DContriORI!$E$42:$ZZ$42,">="&DContriAgreOri!AJ$1,DContriORI!$E$42:$ZZ$42,"<="&DContriAgreOri!AJ$2) -> 1380188.9 | AK19: =AVERAGEIFS(DContriORI!$E56:$ZZ56,DContriORI!$E$42:$ZZ$42,">="&DContriAgreOri!AK$1,DContriORI!$E$42:$ZZ$42,"<="&DContriAgreOri!AK$2) -> 1515702.5 | ... AU19: =AVERAGEIFS(DContriORI!$E56:$ZZ56,DContriORI!$E$42:$ZZ$42,">="&DContriAgreOri!AU$1,DContriORI!$E$42:$ZZ$42,"<="&DContriAgreOri!AU$2) -> 0 | AW19: Construcción | AX19: =AVERAGEIFS(DContriORI!$E56:$ZZ56,DContriORI!$E$42:$ZZ$42,">="&DContriAgreOri!AX$1,DContriORI!$E$42:$ZZ$42,"<="&DContriAgreOri!AX$2) -> 1381408.3 | AY19: =AVERAGEIFS(DContriORI!$E56:$ZZ56,DContriORI!$E$42:$ZZ$42,">="&DContriAgreOri!AY$1,DContriORI!$E$42:$ZZ$42,"<="&DContriAgreOri!AY$2) -> 0
A20: Edificación | B20: =AVERAGEIFS(DContriORI!$E57:$ZZ57,DContriORI!$E$42:$ZZ$42,">="&DContriAgreOri!B$1,DContriORI!$E$42:$ZZ$42,"<="&DContriAgreOri!B$2) -> 951945.47 | C20: =AVERAGEIFS(DContriORI!$E57:$ZZ57,DContriORI!$E$42:$ZZ$42,">="&DContriAgreOri!C$1,DContriORI!$E$42:$ZZ$42,"<="&DContriAgreOri!C$2) -> 1012508.3 | D20: =AVERAGEIFS(DContriORI!$E57:$ZZ57,DContriORI!$E$42:$ZZ$42,">="&DContriAgreOri!D$1,DContriORI!$E$42:$ZZ$42,"<="&DContriAgreOri!D$2) -> 1055000.2 | E20: =AVERAGEIFS(DContriORI!$E57:$ZZ57,DContriORI!$E$42:$ZZ$42,">="&DContriAgreOri!E$1,DContriORI!$E$42:$ZZ$42,"<="&DContriAgreOri!E$2) -> 1100114.1 | F20: =AVERAGEIFS(DContriORI!$E57:$ZZ57,DContriORI!$E$42:$ZZ$42,">="&DContriAgreOri!F$1,DContriORI!$E$42:$ZZ$42,"<="&DContriAgreOri!F$2) -> 0 | H20: =AVERAGEIFS(DContriORI!$E57:$ZZ57,DContriORI!$E$42:$ZZ$42,">="&DContriAgreOri!H$1,DContriORI!$E$42:$ZZ$42,"<="&DContriAgreOri!H$2) -> 980169.33 | I20: =AVERAGEIFS(DContriORI!$E57:$ZZ57,DContriORI!$E$42:$ZZ$42,">="&DContriAgreOri!I$1,DContriORI!$E$42:$ZZ$42,"<="&DContriAgreOri!I$2) -> 1044847.3 | J20: =AVERAGEIFS(DContriORI!$E57:$ZZ57,DContriORI!$E$42:$ZZ$42,">="&DContriAgreOri!J$1,DContriORI!$E$42:$ZZ$42,"<="&DContriAgreOri!J$2) -> 1035948 | K20: =AVERAGEIFS(DContriORI!$E57:$ZZ57,DContriORI!$E$42:$ZZ$42,">="&DContriAgreOri!K$1,DContriORI!$E$42:$ZZ$42,"<="&DContriAgreOri!K$2) -> 1074052.4 | L20: =AVERAGEIFS(DContriORI!$E57:$ZZ57,DContriORI!$E$42:$ZZ$42,">="&DContriAgreOri!L$1,DContriORI!$E$42:$ZZ$42,"<="&DContriAgreOri!L$2) -> 1082917.3 | M20: =AVERAGEIFS(DContriORI!$E57:$ZZ57,DContriORI!$E$42:$ZZ$42,">="&DContriAgreOri!M$1,DContriORI!$E$42:$ZZ$42,"<="&DContriAgreOri!M$2) -> 1117311 | N20: =AVERAGEIFS(DContriORI!$E57:$ZZ57,DContriORI!$E$42:$ZZ$42,">="&DContriAgreOri!N$1,DContriORI!$E$42:$ZZ$42,"<="&DContriAgreOri!N$2) -> 0 | O20: =AVERAGEIFS(DContriORI!$E57:$ZZ57,DContriORI!$E$42:$ZZ$42,">="&DContriAgreOri!O$1,DContriORI!$E$42:$ZZ$42,"<="&DContriAgreOri!O$2) -> 0 | Q20: =AVERAGEIFS(DContriORI!$E57:$ZZ57,DContriORI!$E$42:$ZZ$42,">="&DContriAgreOri!Q$1,DContriORI!$E$42:$ZZ$42,"<="&DContriAgreOri!Q$2) -> 989007.41 | R20: =AVERAGEIFS(DContriORI!$E57:$ZZ57,DContriORI!$E$42:$ZZ$42,">="&DContriAgreOri!R$1,DContriORI!$E$42:$ZZ$42,"<="&DContriAgreOri!R$2) -> 1082888.5 | S20: =AVERAGEIFS(DContriORI!$E57:$ZZ57,DContriORI!$E$42:$ZZ$42,">="&DContriAgreOri!S$1,DContriORI!$E$42:$ZZ$42,"<="&DContriAgreOri!S$2) -> 1063601 | T20: =AVERAGEIFS(DContriORI!$E57:$ZZ57,DContriORI!$E$42:$ZZ$42,">="&DContriAgreOri!T$1,DContriORI!$E$42:$ZZ$42,"<="&DContriAgreOri!T$2) -> 1084503.8 | U20: =AVERAGEIFS(DContriORI!$E57:$ZZ57,DContriORI!$E$42:$ZZ$42,">="&DContriAgreOri!U$1,DContriORI!$E$42:$ZZ$42,"<="&DContriAgreOri!U$2) -> 1052684.9 | V20: =AVERAGEIFS(DContriORI!$E57:$ZZ57,DContriORI!$E$42:$ZZ$42,">="&DContriAgreOri!V$1,DContriORI!$E$42:$ZZ$42,"<="&DContriAgreOri!V$2) -> 1113149.6 | W20: =AVERAGEIFS(DContriORI!$E57:$ZZ57,DContriORI!$E$42:$ZZ$42,">="&DContriAgreOri!W$1,DContriORI!$E$42:$ZZ$42,"<="&DContriAgreOri!W$2) -> 1062791.3 | X20: =AVERAGEIFS(DContriORI!$E57:$ZZ57,DContriORI!$E$42:$ZZ$42,">="&DContriAgreOri!X$1,DContriORI!$E$42:$ZZ$42,"<="&DContriAgreOri!X$2) -> 1171830.8 | ... AB20: =AVERAGEIFS(DContriORI!$E57:$ZZ57,DContriORI!$E$42:$ZZ$42,">="&DContriAgreOri!AB$1,DContriORI!$E$42:$ZZ$42,"<="&DContriAgreOri!AB$2) -> 0 | AD20: =AVERAGEIFS(DContriORI!$E57:$ZZ57,DContriORI!$E$42:$ZZ$42,">="&DContriAgreOri!AD$1,DContriORI!$E$42:$ZZ$42,"<="&DContriAgreOri!AD$2) -> 973228.31 | AE20: =AVERAGEIFS(DContriORI!$E57:$ZZ57,DContriORI!$E$42:$ZZ$42,">="&DContriAgreOri!AE$1,DContriORI!$E$42:$ZZ$42,"<="&DContriAgreOri!AE$2) -> 1067493.6 | AF20: =AVERAGEIFS(DContriORI!$E57:$ZZ57,DContriORI!$E$42:$ZZ$42,">="&DContriAgreOri!AF$1,DContriORI!$E$42:$ZZ$42,"<="&DContriAgreOri!AF$2) -> 1067122 | AG20: =AVERAGEIFS(DContriORI!$E57:$ZZ57,DContriORI!$E$42:$ZZ$42,">="&DContriAgreOri!AG$1,DContriORI!$E$42:$ZZ$42,"<="&DContriAgreOri!AG$2) -> 1065419.8 | AH20: =AVERAGEIFS(DContriORI!$E57:$ZZ57,DContriORI!$E$42:$ZZ$42,">="&DContriAgreOri!AH$1,DContriORI!$E$42:$ZZ$42,"<="&DContriAgreOri!AH$2) -> 1078591.1 | AI20: =AVERAGEIFS(DContriORI!$E57:$ZZ57,DContriORI!$E$42:$ZZ$42,">="&DContriAgreOri!AI$1,DContriORI!$E$42:$ZZ$42,"<="&DContriAgreOri!AI$2) -> 1078146.2 | AJ20: =AVERAGEIFS(DContriORI!$E57:$ZZ57,DContriORI!$E$42:$ZZ$42,">="&DContriAgreOri!AJ$1,DContriORI!$E$42:$ZZ$42,"<="&DContriAgreOri!AJ$2) -> 995713.83 | AK20: =AVERAGEIFS(DContriORI!$E57:$ZZ57,DContriORI!$E$42:$ZZ$42,">="&DContriAgreOri!AK$1,DContriORI!$E$42:$ZZ$42,"<="&DContriAgreOri!AK$2) -> 1109152.6 | ... AU20: =AVERAGEIFS(DContriORI!$E57:$ZZ57,DContriORI!$E$42:$ZZ$42,">="&DContriAgreOri!AU$1,DContriORI!$E$42:$ZZ$42,"<="&DContriAgreOri!AU$2) -> 0 | AW20: Edificación | AX20: =AVERAGEIFS(DContriORI!$E57:$ZZ57,DContriORI!$E$42:$ZZ$42,">="&DContriAgreOri!AX$1,DContriORI!$E$42:$ZZ$42,"<="&DContriAgreOri!AX$2) -> 989264.88 | AY20: =AVERAGEIFS(DContriORI!$E57:$ZZ57,DContriORI!$E$42:$ZZ$42,">="&DContriAgreOri!AY$1,DContriORI!$E$42:$ZZ$42,"<="&DContriAgreOri!AY$2) -> 0
A21: Construcción de obras de ingeniería civil u obra pesada | B21: =AVERAGEIFS(DContriORI!$E58:$ZZ58,DContriORI!$E$42:$ZZ$42,">="&DContriAgreOri!B$1,DContriORI!$E$42:$ZZ$42,"<="&DContriAgreOri!B$2) -> 187611.67 | C21: =AVERAGEIFS(DContriORI!$E58:$ZZ58,DContriORI!$E$42:$ZZ$42,">="&DContriAgreOri!C$1,DContriORI!$E$42:$ZZ$42,"<="&DContriAgreOri!C$2) -> 272081.62 | D21: =AVERAGEIFS(DContriORI!$E58:$ZZ58,DContriORI!$E$42:$ZZ$42,">="&DContriAgreOri!D$1,DContriORI!$E$42:$ZZ$42,"<="&DContriAgreOri!D$2) -> 274160.63 | E21: =AVERAGEIFS(DContriORI!$E58:$ZZ58,DContriORI!$E$42:$ZZ$42,">="&DContriAgreOri!E$1,DContriORI!$E$42:$ZZ$42,"<="&DContriAgreOri!E$2) -> 212435.91 | F21: =AVERAGEIFS(DContriORI!$E58:$ZZ58,DContriORI!$E$42:$ZZ$42,">="&DContriAgreOri!F$1,DContriORI!$E$42:$ZZ$42,"<="&DContriAgreOri!F$2) -> 0 | H21: =AVERAGEIFS(DContriORI!$E58:$ZZ58,DContriORI!$E$42:$ZZ$42,">="&DContriAgreOri!H$1,DContriORI!$E$42:$ZZ$42,"<="&DContriAgreOri!H$2) -> 216692.65 | I21: =AVERAGEIFS(DContriORI!$E58:$ZZ58,DContriORI!$E$42:$ZZ$42,">="&DContriAgreOri!I$1,DContriORI!$E$42:$ZZ$42,"<="&DContriAgreOri!I$2) -> 327470.58 | J21: =AVERAGEIFS(DContriORI!$E58:$ZZ58,DContriORI!$E$42:$ZZ$42,">="&DContriAgreOri!J$1,DContriORI!$E$42:$ZZ$42,"<="&DContriAgreOri!J$2) -> 279783.27 | K21: =AVERAGEIFS(DContriORI!$E58:$ZZ58,DContriORI!$E$42:$ZZ$42,">="&DContriAgreOri!K$1,DContriORI!$E$42:$ZZ$42,"<="&DContriAgreOri!K$2) -> 268537.99 | L21: =AVERAGEIFS(DContriORI!$E58:$ZZ58,DContriORI!$E$42:$ZZ$42,">="&DContriAgreOri!L$1,DContriORI!$E$42:$ZZ$42,"<="&DContriAgreOri!L$2) -> 204711.07 | M21: =AVERAGEIFS(DContriORI!$E58:$ZZ58,DContriORI!$E$42:$ZZ$42,">="&DContriAgreOri!M$1,DContriORI!$E$42:$ZZ$42,"<="&DContriAgreOri!M$2) -> 220160.76 | N21: =AVERAGEIFS(DContriORI!$E58:$ZZ58,DContriORI!$E$42:$ZZ$42,">="&DContriAgreOri!N$1,DContriORI!$E$42:$ZZ$42,"<="&DContriAgreOri!N$2) -> 0 | O21: =AVERAGEIFS(DContriORI!$E58:$ZZ58,DContriORI!$E$42:$ZZ$42,">="&DContriAgreOri!O$1,DContriORI!$E$42:$ZZ$42,"<="&DContriAgreOri!O$2) -> 0 | Q21: =AVERAGEIFS(DContriORI!$E58:$ZZ58,DContriORI!$E$42:$ZZ$42,">="&DContriAgreOri!Q$1,DContriORI!$E$42:$ZZ$42,"<="&DContriAgreOri!Q$2) -> 291070.01 | R21: =AVERAGEIFS(DContriORI!$E58:$ZZ58,DContriORI!$E$42:$ZZ$42,">="&DContriAgreOri!R$1,DContriORI!$E$42:$ZZ$42,"<="&DContriAgreOri!R$2) -> 268496.54 | S21: =AVERAGEIFS(DContriORI!$E58:$ZZ58,DContriORI!$E$42:$ZZ$42,">="&DContriAgreOri!S$1,DContriORI!$E$42:$ZZ$42,"<="&DContriAgreOri!S$2) -> 282517.88 | T21: =AVERAGEIFS(DContriORI!$E58:$ZZ58,DContriORI!$E$42:$ZZ$42,">="&DContriAgreOri!T$1,DContriORI!$E$42:$ZZ$42,"<="&DContriAgreOri!T$2) -> 254558.1 | U21: =AVERAGEIFS(DContriORI!$E58:$ZZ58,DContriORI!$E$42:$ZZ$42,">="&DContriAgreOri!U$1,DContriORI!$E$42:$ZZ$42,"<="&DContriAgreOri!U$2) -> 205596.22 | V21: =AVERAGEIFS(DContriORI!$E58:$ZZ58,DContriORI!$E$42:$ZZ$42,">="&DContriAgreOri!V$1,DContriORI!$E$42:$ZZ$42,"<="&DContriAgreOri!V$2) -> 203825.92 | W21: =AVERAGEIFS(DContriORI!$E58:$ZZ58,DContriORI!$E$42:$ZZ$42,">="&DContriAgreOri!W$1,DContriORI!$E$42:$ZZ$42,"<="&DContriAgreOri!W$2) -> 207981 | X21: =AVERAGEIFS(DContriORI!$E58:$ZZ58,DContriORI!$E$42:$ZZ$42,">="&DContriAgreOri!X$1,DContriORI!$E$42:$ZZ$42,"<="&DContriAgreOri!X$2) -> 232340.51 | ... AB21: =AVERAGEIFS(DContriORI!$E58:$ZZ58,DContriORI!$E$42:$ZZ$42,">="&DContriAgreOri!AB$1,DContriORI!$E$42:$ZZ$42,"<="&DContriAgreOri!AB$2) -> 0 | AD21: =AVERAGEIFS(DContriORI!$E58:$ZZ58,DContriORI!$E$42:$ZZ$42,">="&DContriAgreOri!AD$1,DContriORI!$E$42:$ZZ$42,"<="&DContriAgreOri!AD$2) -> 292366.68 | AE21: =AVERAGEIFS(DContriORI!$E58:$ZZ58,DContriORI!$E$42:$ZZ$42,">="&DContriAgreOri!AE$1,DContriORI!$E$42:$ZZ$42,"<="&DContriAgreOri!AE$2) -> 279364.21 | AF21: =AVERAGEIFS(DContriORI!$E58:$ZZ58,DContriORI!$E$42:$ZZ$42,">="&DContriAgreOri!AF$1,DContriORI!$E$42:$ZZ$42,"<="&DContriAgreOri!AF$2) -> 267618.94 | AG21: =AVERAGEIFS(DContriORI!$E58:$ZZ58,DContriORI!$E$42:$ZZ$42,">="&DContriAgreOri!AG$1,DContriORI!$E$42:$ZZ$42,"<="&DContriAgreOri!AG$2) -> 289484.85 | AH21: =AVERAGEIFS(DContriORI!$E58:$ZZ58,DContriORI!$E$42:$ZZ$42,">="&DContriAgreOri!AH$1,DContriORI!$E$42:$ZZ$42,"<="&DContriAgreOri!AH$2) -> 263490.85 | AI21: =AVERAGEIFS(DContriORI!$E58:$ZZ58,DContriORI!$E$42:$ZZ$42,">="&DContriAgreOri!AI$1,DContriORI!$E$42:$ZZ$42,"<="&DContriAgreOri!AI$2) -> 252638.28 | AJ21: =AVERAGEIFS(DContriORI!$E58:$ZZ58,DContriORI!$E$42:$ZZ$42,">="&DContriAgreOri!AJ$1,DContriORI!$E$42:$ZZ$42,"<="&DContriAgreOri!AJ$2) -> 202885.78 | AK21: =AVERAGEIFS(DContriORI!$E58:$ZZ58,DContriORI!$E$42:$ZZ$42,">="&DContriAgreOri!AK$1,DContriORI!$E$42:$ZZ$42,"<="&DContriAgreOri!AK$2) -> 209812.43 | ... AU21: =AVERAGEIFS(DContriORI!$E58:$ZZ58,DContriORI!$E$42:$ZZ$42,">="&DContriAgreOri!AU$1,DContriORI!$E$42:$ZZ$42,"<="&DContriAgreOri!AU$2) -> 0 | AW21: Construcción de obras de ingeniería civil u obra pesada | AX21: =AVERAGEIFS(DContriORI!$E58:$ZZ58,DContriORI!$E$42:$ZZ$42,">="&DContriAgreOri!AX$1,DContriORI!$E$42:$ZZ$42,"<="&DContriAgreOri!AX$2) -> 201100.47 | AY21: =AVERAGEIFS(DContriORI!$E58:$ZZ58,DContriORI!$E$42:$ZZ$42,">="&DContriAgreOri!AY$1,DContriORI!$E$42:$ZZ$42,"<="&DContriAgreOri!AY$2) -> 0
